CHURN,ACLENGTH,INTPLAN,VMPLAN,NVMAIL,DMIN,DCALL,DCHARGE,EMIN,ECALL,ECHARGE,NMIN,NCALL,NCHARGE,IMIN,ICALL,ICHARGE,CUSCALL
yes,65,0,0,0,129.1,137,21.95,228.5,83,19.42,208.8,111,9.4,12.7,6,3.43,4
yes,161,0,0,0,332.9,67,56.59,317.8,97,27.01,160.6,128,7.23,5.4,9,1.46,4
yes,77,0,0,0,62.4,89,10.61,169.9,121,14.44,209.6,64,9.43,5.7,6,1.54,5
yes,12,0,0,0,249.6,118,42.43,252.4,119,21.45,280.2,90,12.61,11.8,3,3.19,1
yes,135,1,1,41,173.1,85,29.43,203.9,107,17.33,122.2,78,5.5,14.6,15,3.94,0
yes,119,0,0,0,159.1,114,27.05,231.3,117,19.66,143.2,91,6.44,8.8,3,2.38,5
yes,87,0,0,0,151,83,25.67,219.7,116,18.67,203.9,127,9.18,9.7,3,2.62,5
yes,121,0,1,30,198.4,129,33.73,75.3,77,6.4,181.2,77,8.15,5.8,3,1.57,3
yes,150,0,0,0,178.9,101,30.41,169.1,110,14.37,148.6,100,6.69,13.8,3,3.73,4
yes,82,0,0,0,300.3,109,51.05,181,100,15.39,270.1,73,12.15,11.7,4,3.16,0
yes,144,0,0,0,61.6,117,10.47,77.1,85,6.55,173,99,7.79,8.2,7,2.21,4
yes,106,0,0,0,210.6,96,35.8,249.2,85,21.18,191.4,88,8.61,12.4,1,3.35,2
yes,94,0,0,0,157.9,105,26.84,155,101,13.18,189.6,84,8.53,8,5,2.16,4
yes,128,0,0,0,237.9,125,40.44,247.6,93,21.05,208.9,68,9.4,13.9,4,3.75,1
yes,155,0,0,0,203.4,100,34.58,190.9,104,16.23,196,119,8.82,8.9,4,2.4,0
yes,120,0,0,0,212.1,131,36.06,209.4,104,17.8,167.2,96,7.52,5.3,5,1.43,1
yes,77,0,0,0,251.8,72,42.81,205.7,126,17.48,275.2,109,12.38,9.8,7,2.65,2
yes,36,1,1,42,196.8,89,33.46,254.9,122,21.67,138.3,126,6.22,20,6,5.4,0
yes,74,0,0,0,282.5,114,48.03,219.9,48,18.69,170,115,7.65,9.4,4,2.54,1
yes,162,0,0,0,70.7,108,12.02,157.5,87,13.39,154.8,82,6.97,9.1,3,2.46,4
yes,61,0,1,27,187.5,124,31.88,146.6,103,12.46,225.7,129,10.16,6.4,6,1.73,4
yes,117,1,0,0,167.1,86,28.41,177.5,87,15.09,249.4,132,11.22,14.1,7,3.81,2
yes,83,0,0,0,337.4,120,57.36,227.4,116,19.33,153.9,114,6.93,15.8,7,4.27,0
yes,126,0,0,0,58.2,94,9.89,138.7,118,11.79,136.8,91,6.16,11.9,1,3.21,5
yes,208,0,0,0,326.5,67,55.51,176.3,113,14.99,181.7,102,8.18,10.7,6,2.89,2
yes,131,1,1,26,292.9,101,49.79,199.7,97,16.97,255.3,127,11.49,13.8,7,3.73,4
yes,70,1,0,0,226.7,98,38.54,228.1,115,19.39,73.2,93,3.29,17.6,4,4.75,2
yes,136,0,0,0,250.2,121,42.53,267.1,118,22.7,151,114,6.8,13,2,3.51,1
yes,93,1,0,0,312,109,53.04,129.4,100,11,217.6,74,9.79,10.5,2,2.84,0
yes,139,0,0,0,134.4,106,22.85,211.3,98,17.96,193.6,125,8.71,10.2,2,2.75,5
yes,137,1,0,0,135.1,95,22.97,134.1,102,11.4,223.1,81,10.04,12.3,2,3.32,2
yes,108,0,0,0,198.5,99,33.75,267.8,60,22.76,354.9,75,15.97,9.4,3,2.54,0
yes,33,0,1,29,157.4,99,26.76,117.9,80,10.02,279.2,79,12.56,13.9,11,3.75,4
yes,92,1,0,0,62.6,111,10.64,180.6,126,15.35,221.7,80,9.98,10.4,2,2.81,1
yes,144,0,1,48,189.8,96,32.27,123.4,67,10.49,214.2,106,9.64,6.5,2,1.76,2
yes,89,0,0,0,303.9,95,51.66,260.9,114,22.18,312.1,89,14.04,5.3,3,1.43,1
yes,96,0,1,37,172.7,93,29.36,120.1,116,10.21,216.1,86,9.72,10.3,5,2.78,5
yes,127,0,0,0,266.6,106,45.32,264.8,168,22.51,207.2,119,9.32,5.9,2,1.59,1
yes,121,0,0,0,170.4,108,28.97,350.5,68,29.79,297,87,13.37,11.2,3,3.02,0
yes,113,0,0,0,272.1,111,46.26,268.5,118,22.82,213.8,105,9.62,8.5,10,2.3,1
yes,122,0,0,0,296.4,99,50.39,214.8,89,18.26,133.9,107,6.03,11.4,3,3.08,4
yes,62,0,0,0,248.7,109,42.28,220,118,18.7,265.7,78,11.96,13.2,2,3.56,1
yes,128,1,1,32,223.5,81,38,188.8,74,16.05,154.9,101,6.97,9.4,2,2.54,2
yes,54,0,0,0,272.6,83,46.34,248.7,74,21.14,197.4,111,8.88,9.5,2,2.57,1
yes,86,0,0,0,128.3,121,21.81,197.1,93,16.75,138.4,152,6.23,12.2,5,3.29,7
yes,89,0,0,0,213,63,36.21,176.6,71,15.01,262.6,126,11.82,9.1,1,2.46,1
yes,100,0,0,0,107,63,18.19,105.7,67,8.98,243.1,74,10.94,12.8,3,3.46,4
yes,64,1,0,0,236.2,77,40.15,218.6,85,18.58,194.1,97,8.73,13.2,2,3.56,2
yes,159,1,0,0,257.1,53,43.71,312.2,127,26.54,183,82,8.24,8.8,6,2.38,1
yes,154,0,0,0,350.8,75,59.64,216.5,94,18.4,253.9,100,11.43,10.1,9,2.73,1
yes,151,1,0,0,218,57,37.06,114.4,88,9.72,269.2,95,12.11,12.4,1,3.35,0
yes,95,1,0,0,165.5,84,28.14,286.2,112,24.33,198.9,89,8.95,11.5,2,3.11,1
yes,16,0,0,0,229.6,78,39.03,205.7,108,17.48,166.2,91,7.48,10.8,2,2.92,0
yes,94,0,0,0,234.4,103,39.85,279.3,109,23.74,234.2,121,10.54,2,2,0.54,1
yes,66,0,0,0,167.3,91,28.44,230,68,19.55,191.7,118,8.63,10.6,5,2.86,1
yes,122,0,0,0,157.1,134,26.71,184.9,122,15.72,197.2,59,8.87,8.5,5,2.3,4
yes,113,0,0,0,239.7,47,40.75,282.9,110,24.05,238.4,88,10.73,8.7,3,2.35,2
yes,224,1,0,0,171.5,99,29.16,160,103,13.6,212.4,102,9.56,5,2,1.35,1
yes,46,0,0,0,250.3,100,42.55,260.6,90,22.15,195,104,8.78,13.3,2,3.59,2
yes,100,0,0,0,278,76,47.26,176.7,74,15.02,219.5,126,9.88,8.3,4,2.24,0
yes,97,0,0,0,256.4,125,43.59,273.9,100,23.28,222.7,101,10.02,11.1,1,3,1
yes,88,0,0,0,264.8,124,45.02,245.4,112,20.86,160.5,115,7.22,14.8,2,4,1
yes,71,1,0,0,178.2,113,30.29,167.8,94,14.26,182.1,111,8.19,13.6,3,3.67,3
yes,132,0,1,36,226.2,103,38.45,181.6,125,15.44,258.8,102,11.65,10.5,5,2.84,3
yes,72,0,1,33,96.6,59,16.42,315.4,98,26.81,163.3,117,7.35,6.2,4,1.67,4
yes,55,1,0,0,191.9,91,32.62,256.1,110,21.77,203.7,101,9.17,14.3,6,3.86,1
yes,92,1,0,0,130.7,113,22.22,260.6,122,22.15,244.2,98,10.99,9.4,2,2.54,2
yes,75,1,0,0,211.3,61,35.92,105.6,119,8.98,175.9,63,7.92,9.7,4,2.62,4
yes,93,1,0,0,216.9,61,36.87,207.4,120,17.63,221.7,110,9.98,17.5,5,4.73,1
yes,92,0,0,0,154,122,26.18,329.8,88,28.03,288,117,12.96,5.6,2,1.51,3
yes,118,0,1,26,170.8,114,29.04,199.5,125,16.96,169.7,98,7.64,9.6,5,2.59,5
yes,60,1,1,29,265.9,113,45.2,215.8,94,18.34,108.1,82,4.86,14,12,3.78,0
yes,88,0,0,0,73.3,86,12.46,161.4,82,13.72,239.6,76,10.78,8.2,3,2.21,4
yes,152,1,1,20,237.5,120,40.38,253.4,94,21.54,265.2,80,11.93,14.2,3,3.83,9
yes,69,1,0,0,279.8,90,47.57,248.7,91,21.14,171,118,7.69,8.4,10,2.27,2
yes,95,1,1,41,136.8,91,23.26,200.8,61,17.07,133.7,67,6.02,10.3,9,2.78,5
yes,111,0,0,0,172.8,58,29.38,183.1,108,15.56,158.8,104,7.15,7.9,3,2.13,4
yes,44,0,0,0,288.1,112,48.98,258,92,21.93,192.4,90,8.66,10.2,4,2.75,3
yes,74,0,0,0,174.1,96,29.6,251.1,94,21.34,257.6,123,11.59,8.3,5,2.24,2
yes,133,1,1,32,221.1,137,37.59,264.9,99,22.52,168.9,108,7.6,15.4,4,4.16,2
yes,44,0,0,0,228.1,121,38.78,276.5,79,23.5,279.8,77,12.59,9.9,5,2.67,2
yes,113,0,0,0,209.4,151,35.6,347.3,113,29.52,246,116,11.07,7.4,2,2,1
yes,104,0,0,0,234.2,128,39.81,293.1,92,24.91,183.9,79,8.28,9.8,6,2.65,0
yes,101,0,0,0,89.7,118,15.25,260.1,79,22.11,170.1,93,7.65,13.5,11,3.65,5
yes,62,1,0,0,159.7,86,27.15,197.5,76,16.79,121.6,105,5.47,13.9,6,3.75,0
yes,112,0,0,0,335.5,77,57.04,212.5,109,18.06,265,132,11.93,12.7,8,3.43,2
yes,105,1,1,29,220.7,82,37.52,217.7,110,18.5,190.5,100,8.57,13.2,6,3.56,1
yes,110,1,0,0,293.3,79,49.86,188.5,90,16.02,266.9,91,12.01,14.5,4,3.92,0
yes,95,1,1,37,220.2,109,37.43,185.3,99,15.75,205.1,82,9.23,4.1,2,1.11,0
yes,76,0,0,0,299.5,125,50.92,226.7,92,19.27,210.7,134,9.48,13.7,4,3.7,0
yes,79,0,0,0,261.7,97,44.49,210.6,48,17.9,256.7,83,11.55,6,3,1.62,3
yes,79,0,0,0,157.6,85,26.79,194.1,92,16.5,231.5,86,10.42,9.4,10,2.54,5
yes,109,0,0,0,264.7,69,45,305,120,25.93,197.4,86,8.88,9.5,9,2.57,1
yes,75,1,0,0,222.4,78,37.81,327,111,27.8,208,104,9.36,8.7,9,2.35,1
yes,115,1,0,0,249.9,95,42.48,242.5,104,20.61,151.7,121,6.83,15.3,6,4.13,1
yes,103,0,1,36,87.2,92,14.82,169.3,110,14.39,166.7,80,7.5,10.9,5,2.94,6
yes,94,0,0,0,271.2,105,46.1,202.6,105,17.22,221.6,51,9.97,11.5,3,3.11,3
yes,68,0,0,0,162.1,86,27.56,155,86,13.18,189.7,87,8.54,11,9,2.97,5
yes,91,1,0,0,145,89,24.65,175.8,102,14.94,223.7,151,10.07,16.7,3,4.51,2
yes,122,1,0,0,230.9,132,39.25,243.2,99,20.67,182.4,57,8.21,11,2,2.97,0
yes,149,1,1,28,126.9,97,21.57,166.9,102,14.19,145.2,77,6.53,8.8,3,2.38,5
yes,127,1,0,0,176.9,110,30.07,167.9,100,14.27,182.2,138,8.2,7.7,2,2.08,1
yes,24,0,0,0,265.6,86,45.15,208.8,102,17.75,182.5,105,8.21,11.1,6,3,2
yes,69,1,1,33,271.5,98,46.16,253.4,102,21.54,165.4,85,7.44,8.2,2,2.21,1
yes,68,1,0,0,148.5,126,25.25,219.4,125,18.65,198.5,121,8.93,14.5,7,3.92,1
yes,75,0,0,0,314.6,102,53.48,169.8,86,14.43,285.1,100,12.83,5.7,3,1.54,2
yes,121,1,0,0,167.7,94,28.51,93.7,121,7.96,241.3,115,10.86,13.4,1,3.62,3
yes,87,0,0,0,322.5,106,54.83,204.6,93,17.39,186.2,128,8.38,9.4,4,2.54,2
yes,96,0,0,0,180.6,92,30.7,190.9,114,16.23,295.6,125,13.3,10.3,4,2.78,1
yes,136,1,0,0,199.6,89,33.93,211.4,96,17.97,72.4,84,3.26,11,4,2.97,3
yes,93,0,0,0,267.9,114,45.54,223,74,18.96,262.7,90,11.82,11.3,3,3.05,3
yes,98,0,0,0,271.4,119,46.14,190.4,102,16.18,284.7,118,12.81,11.1,6,3,4
yes,109,0,1,27,166.9,85,28.37,221.2,92,18.8,197.3,97,8.88,12.3,4,3.32,1
yes,97,0,0,0,120.8,96,20.54,169.8,101,14.43,194.1,63,8.73,11.9,3,3.21,4
yes,23,0,0,0,321.6,107,54.67,251.6,115,21.39,141.1,158,6.35,11.3,3,3.05,2
yes,61,0,0,0,260,123,44.2,210.5,127,17.89,234.7,70,10.56,9,3,2.43,1
yes,161,0,0,0,191.9,113,32.62,70.9,87,6.03,204.8,107,9.22,13.4,4,3.62,4
yes,118,0,0,0,267.8,145,45.53,316.4,121,26.89,208.6,91,9.39,14.4,11,3.89,5
yes,179,0,0,0,287.3,123,48.84,288,114,24.48,266,112,11.97,10.5,4,2.84,0
yes,74,1,0,0,125.8,103,21.39,207.7,96,17.65,207.4,143,9.33,14.1,4,3.81,1
yes,81,0,1,28,167.9,147,28.54,190.7,105,16.21,193,103,8.69,9.2,6,2.48,4
yes,46,0,0,0,257.4,67,43.76,261.1,91,22.19,204.4,107,9.2,13.4,5,3.62,2
yes,48,0,1,22,152,63,25.84,258.8,131,22,263.2,109,11.84,15.7,5,4.24,2
yes,122,0,1,33,174.9,103,29.73,248.2,105,21.1,164.6,116,7.41,13.5,3,3.65,1
yes,129,0,0,0,334.3,118,56.83,192.1,104,16.33,191,83,8.59,10.4,6,2.81,0
yes,93,0,1,21,134.2,105,22.81,162.5,128,13.81,186.6,90,8.4,11.8,2,3.19,4
yes,63,0,0,0,278,102,47.26,266.4,114,22.64,224.1,118,10.08,13.1,4,3.54,4
yes,64,1,0,0,346.8,55,58.96,249.5,79,21.21,275.4,102,12.39,13.3,9,3.59,1
yes,110,1,1,27,267.9,103,45.54,263.3,74,22.38,178.1,106,8.01,8.3,2,2.24,1
yes,133,0,0,0,277.3,138,47.14,228.4,117,19.41,117.3,103,5.28,12.8,4,3.46,2
yes,76,0,0,0,263.4,148,44.78,230.3,69,19.58,170.6,101,7.68,11.4,5,3.08,1
yes,161,1,0,0,194.2,106,33.01,249.4,105,21.2,254.9,129,11.47,12.9,1,3.48,1
yes,99,0,1,42,216,125,36.72,232.3,104,19.75,215.5,100,9.7,9.3,4,2.51,2
yes,112,0,0,0,111.9,92,19.02,114,143,9.69,146.8,79,6.61,14.1,3,3.81,5
yes,108,0,0,0,154.2,123,26.21,112.3,86,9.55,246.4,75,11.09,15.4,4,4.16,4
yes,80,0,0,0,322.3,113,54.79,222,95,18.87,162.8,123,7.33,6.7,8,1.81,0
yes,111,0,0,0,176.9,128,30.07,102.8,56,8.74,213.7,84,9.62,10.5,2,2.84,4
yes,135,0,1,28,201.4,100,34.24,246.5,117,20.95,154.8,131,6.97,12.9,4,3.48,2
yes,98,0,0,0,165,129,28.05,202.6,113,17.22,172.3,94,7.75,12.5,7,3.38,1
yes,91,0,0,0,154.4,165,26.25,168.3,121,14.31,239.9,81,10.8,11.7,4,3.16,5
yes,159,0,0,0,189.1,105,32.15,246.1,147,20.92,242,106,10.89,10.4,5,2.81,1
yes,64,0,0,0,148.1,73,25.18,164.9,101,14.02,216,125,9.72,12.3,2,3.32,5
yes,106,1,1,26,270.3,111,45.95,215.2,90,18.29,254,133,11.43,14.4,7,3.89,1
yes,105,0,0,0,106.4,71,18.09,240.1,83,20.41,147.7,114,6.65,5.3,4,1.43,6
yes,132,0,0,0,193.3,106,32.86,128.3,94,10.91,162.1,119,7.29,11.6,4,3.13,5
yes,167,0,0,0,131.6,120,22.37,211.3,96,17.96,168.3,97,7.57,11.1,4,3,4
yes,172,0,0,0,287.1,108,48.81,178.4,125,15.16,153.2,98,6.89,14.4,2,3.89,3
yes,88,1,0,0,235.1,98,39.97,251.8,79,21.4,285.9,76,12.87,7.2,2,1.94,4
yes,119,1,1,15,160,95,27.2,209.5,110,17.81,82.3,107,3.7,8.7,5,2.35,5
yes,78,1,0,0,236.8,141,40.26,265.3,101,22.55,152.4,77,6.86,9.5,2,2.57,1
yes,105,0,0,0,270.9,98,46.05,226.2,110,19.23,178.8,60,8.05,8.8,5,2.38,0
yes,24,0,0,0,243,91,41.31,183.9,77,15.63,184.3,109,8.29,15.3,6,4.13,0
yes,108,0,1,34,162.1,83,27.56,171.8,117,14.6,259.8,76,11.69,9.6,3,2.59,4
yes,62,0,1,33,186.4,84,31.69,201,136,17.09,286.7,103,12.9,11.1,3,3,2
yes,40,0,1,31,224.7,69,38.2,134.5,81,11.43,120.3,104,5.41,7.5,5,2.03,1
yes,55,0,1,45,130.5,114,22.19,208.4,94,17.71,141.6,114,6.37,11,5,2.97,4
yes,28,0,0,0,121.7,48,20.69,125.8,112,10.69,261.6,122,11.77,8.3,2,2.24,6
yes,51,0,0,0,229.7,129,39.05,336,104,28.56,192.8,128,8.68,9.6,1,2.59,1
yes,163,0,0,0,247.7,77,42.11,269.5,108,22.91,167.3,82,7.53,9.6,7,2.59,0
yes,58,0,0,0,112.2,95,19.07,209.6,108,17.82,260.9,78,11.74,13.9,1,3.75,0
yes,135,0,0,0,263.8,66,44.85,251.3,116,21.36,200.1,112,9,8.4,2,2.27,5
yes,49,0,0,0,266.3,90,45.27,207.8,117,17.66,205,98,9.23,14,2,3.78,2
yes,171,0,0,0,270.5,69,45.99,230,112,19.55,136,111,6.12,9.6,5,2.59,1
yes,82,0,0,0,189.2,81,32.16,184.4,117,15.67,255.8,83,11.51,10.6,5,2.86,3
yes,45,0,0,0,78.6,106,13.36,187.3,110,15.92,184.2,111,8.29,7.4,5,2,1
yes,2,1,0,0,132.1,42,22.46,138.9,88,11.81,192.6,119,8.67,9.1,1,2.46,2
yes,17,0,1,31,153.1,115,26.03,185.9,59,15.8,224.3,102,10.09,10,1,2.7,6
yes,193,0,0,0,96.8,92,16.46,142.6,103,12.12,210.1,115,9.45,10.9,5,2.94,2
yes,126,0,0,0,321.3,99,54.62,167.9,93,14.27,193.6,106,8.71,8,4,2.16,1
yes,97,1,0,0,236.9,107,40.27,157.6,105,13.4,241,120,10.85,7.3,2,1.97,0
yes,90,1,0,0,148.2,96,25.19,220.4,111,18.73,134.2,97,6.04,9.2,1,2.48,4
yes,111,0,0,0,284.4,89,48.35,157,113,13.35,242.8,91,10.93,8.4,8,2.27,0
yes,98,0,0,0,0,0,0,159.6,130,13.57,167.1,88,7.52,6.8,1,1.84,4
yes,106,1,0,0,133.7,45,22.73,187.8,107,15.96,181.9,89,8.19,10.7,2,2.89,1
yes,55,0,0,0,285.7,124,48.57,230.9,106,19.63,230.7,140,10.38,14.8,7,4,0
yes,73,0,0,0,217.8,91,37.03,220.6,97,18.75,277.3,89,12.48,10.3,6,2.78,1
yes,115,0,0,0,245,97,41.65,250.7,75,21.31,270.2,124,12.16,13.7,8,3.7,1
yes,108,0,0,0,112,105,19.04,193.7,110,16.46,208.9,93,9.4,4.1,4,1.11,4
yes,65,0,0,0,245.7,139,41.77,241.9,113,20.56,285.3,117,12.84,4.2,5,1.13,4
yes,101,0,0,0,269.7,85,45.85,207.6,86,17.65,214.2,107,9.64,4.5,15,1.22,3
yes,125,0,0,0,143.2,80,24.34,88.1,94,7.49,233.2,135,10.49,8.8,7,2.38,4
yes,73,0,1,31,82.3,105,13.99,256.1,91,21.77,229.6,98,10.33,11.8,2,3.19,6
yes,81,1,0,0,149.4,68,25.4,171.9,98,14.61,214.5,97,9.65,17.9,3,4.83,3
yes,89,1,1,19,112.6,114,19.14,261.7,132,22.24,123.5,116,5.56,11.1,2,3,0
yes,102,0,0,0,195.7,116,33.27,209.1,87,17.77,201.1,73,9.05,8.3,3,2.24,1
yes,133,0,1,44,174,80,29.58,209.4,113,17.8,224.1,87,10.08,14.1,7,3.81,2
yes,67,1,1,35,181.1,59,30.79,215.9,116,18.35,216.3,106,9.73,16.9,4,4.56,0
yes,76,1,0,0,273.3,66,46.46,263.6,121,22.41,165.2,84,7.43,12,7,3.24,1
yes,107,1,0,0,133.3,106,22.66,182.9,89,15.55,241.1,123,10.85,12.9,2,3.48,3
yes,126,0,1,30,153.4,90,26.08,151.4,97,12.87,153.8,97,6.92,12.8,4,3.46,4
yes,68,0,0,0,213.9,112,36.36,260.5,100,22.14,233.8,97,10.52,8.4,3,2.27,1
yes,143,0,0,0,223.3,99,37.96,167.1,128,14.2,203,84,9.14,4.5,4,1.22,0
yes,81,0,0,0,261.4,141,44.44,215.7,102,18.33,271.8,96,12.23,8,6,2.16,1
yes,138,1,0,0,46.5,104,7.91,186,114,15.81,167.5,95,7.54,9.6,4,2.59,4
yes,103,0,1,18,149.9,84,25.48,170.9,84,14.53,171.5,112,7.72,11.5,7,3.11,0
yes,127,1,0,0,242.2,102,41.17,226.1,80,19.22,252,96,11.34,13.9,5,3.75,2
yes,136,0,0,0,259.4,99,44.1,172.7,125,14.68,293.7,78,13.22,10.7,6,2.89,1
yes,118,1,1,21,156.5,122,26.61,209.2,125,17.78,158.7,81,7.14,11.1,3,3,4
yes,113,0,0,0,61.2,111,10.4,92.3,88,7.85,197.4,114,8.88,13.7,3,3.7,5
yes,225,0,0,0,165.4,106,28.12,273.7,109,23.26,210,93,9.45,8.7,3,2.35,0
yes,85,0,0,0,236.9,93,40.27,197.7,113,16.8,309.1,78,13.91,11.4,7,3.08,2
yes,105,1,0,0,273.9,119,46.56,278.6,103,23.68,255.3,90,11.49,10.9,7,2.94,1
yes,99,1,0,0,242.3,102,41.19,350.9,102,29.83,163.1,93,7.34,11.3,3,3.05,0
yes,184,0,0,0,236.4,73,40.19,287.3,120,24.42,192,94,8.64,13.8,4,3.73,1
yes,149,0,0,0,119.2,88,20.26,168.3,110,14.31,204.7,119,9.21,12.2,6,3.29,4
yes,66,0,0,0,154,133,26.18,198.9,121,16.91,151.9,100,6.84,9.5,3,2.57,4
yes,116,0,0,0,159.4,79,27.1,179.5,88,15.26,167.8,71,7.55,9.7,2,2.62,6
yes,173,0,0,0,291.8,143,49.61,214.3,134,18.22,151.2,119,6.8,9.9,2,2.67,0
yes,64,1,0,0,225.3,134,38.3,108.2,87,9.2,139.6,132,6.28,17.3,9,4.67,1
yes,93,1,0,0,131.4,78,22.34,219.7,106,18.67,155.7,103,7.01,11.1,2,3,1
yes,197,1,0,0,127.3,80,21.64,222.3,115,18.9,173.9,95,7.83,13.7,5,3.7,5
yes,76,1,0,0,241,120,40.97,231.8,96,19.7,220.2,67,9.91,9.9,1,2.67,1
yes,82,0,0,0,329.8,73,56.07,208.3,120,17.71,267.1,102,12.02,10.6,6,2.86,0
yes,95,0,0,0,269,120,45.73,233.7,120,19.86,179.3,61,8.07,7.3,4,1.97,2
yes,79,0,0,0,268.3,114,45.61,185.5,111,15.77,264.6,88,11.91,6.3,7,1.7,1
yes,99,0,0,0,115.5,75,19.64,218.1,111,18.54,254.9,98,11.47,11.5,7,3.11,7
yes,34,0,0,0,293.7,89,49.93,272.5,71,23.16,178.2,76,8.02,11,10,2.97,2
yes,140,0,0,0,120.3,108,20.45,240.4,84,20.43,216.4,74,9.74,7.7,3,2.08,4
yes,144,0,0,0,278.5,95,47.35,240.7,90,20.46,120,90,5.4,11.6,5,3.13,1
yes,50,0,0,0,131.1,129,22.29,160.5,94,13.64,206.9,88,9.31,5.6,9,1.51,5
yes,76,0,0,0,129.7,84,22.05,177.5,80,15.09,228.9,87,10.3,7.5,3,2.03,5
yes,109,1,0,0,268.4,85,45.63,150.6,131,12.8,297.9,84,13.41,9.7,8,2.62,2
yes,70,0,0,0,232.8,95,39.58,303.4,111,25.79,255.6,104,11.5,12.9,7,3.48,0
yes,115,0,0,0,286.4,125,48.69,205.7,74,17.48,191.4,141,8.61,6.9,6,1.86,1
yes,80,0,0,0,268.7,120,45.68,301,147,25.59,167,140,7.52,5.8,1,1.57,2
yes,60,0,0,0,179.3,147,30.48,208.9,89,17.76,248.2,98,11.17,13.5,6,3.65,1
yes,23,0,0,0,113.1,74,19.23,168.8,95,14.35,262.9,126,11.83,6.9,2,1.86,1
yes,181,1,0,0,161.3,83,27.42,124.4,83,10.57,262,98,11.79,14.1,3,3.81,0
yes,54,1,0,0,190.5,108,32.39,259.7,108,22.07,141.5,111,6.37,9.7,2,2.62,2
yes,77,0,0,0,245.2,87,41.68,254.1,83,21.6,239.4,91,10.77,7.5,4,2.03,0
yes,111,0,0,0,132.6,125,22.54,221.1,67,18.79,127.9,101,5.76,12.7,2,3.43,4
yes,115,1,0,0,122,110,20.74,220.2,100,18.72,179.7,124,8.09,10.8,2,2.92,2
yes,149,0,0,0,242.5,83,41.23,245.4,97,20.86,219.6,80,9.88,10,3,2.7,3
yes,51,1,0,0,153.6,108,26.11,232.9,85,19.8,214.2,92,9.64,14.1,4,3.81,0
yes,54,0,0,0,286.6,73,48.72,223.2,108,18.97,203.7,107,9.17,11.5,5,3.11,1
yes,125,1,0,0,187.3,118,31.84,160.7,111,13.66,263.8,112,11.87,9.6,2,2.59,0
yes,117,1,0,0,54.2,100,9.21,303.2,84,25.77,171.8,84,7.73,8.6,2,2.32,1
yes,97,0,0,0,276.1,82,46.94,201.1,106,17.09,231.3,73,10.41,8.9,4,2.4,0
yes,77,0,1,28,135.9,117,23.1,244.5,102,20.78,207.5,74,9.34,11.5,3,3.11,4
yes,80,1,0,0,189.1,122,32.15,223.2,92,18.97,269,116,12.11,13.9,3,3.75,2
yes,119,0,0,0,287.1,115,48.81,159.3,99,13.54,216.8,86,9.76,13.9,1,3.75,2
yes,162,0,1,26,179.7,144,30.55,218.1,129,18.54,212.3,105,9.55,9.3,8,2.51,1
yes,85,0,0,0,165.8,96,28.19,190,141,16.15,144,116,6.48,10.9,3,2.94,5
yes,107,0,0,0,222.3,101,37.79,286,111,24.31,249.4,117,11.22,12.1,4,3.27,1
yes,119,1,1,16,147.2,103,25.02,160.1,96,13.61,184,120,8.28,7.7,2,2.08,0
yes,133,1,0,0,254.7,103,43.3,252.2,80,21.44,178.1,103,8.01,8,3,2.16,0
yes,146,0,0,0,149.3,83,25.38,187.1,130,15.9,149.8,100,6.74,7.9,4,2.13,7
yes,119,0,0,0,81.9,75,13.92,253.8,114,21.57,213.1,125,9.59,8.9,1,2.4,2
yes,101,0,0,0,239,156,40.63,273,106,23.21,278.2,93,12.52,13.5,8,3.65,1
yes,39,0,0,0,295.4,126,50.22,232.1,117,19.73,204.4,123,9.2,11.5,2,3.11,1
yes,56,0,0,0,162.3,99,27.59,149.1,78,12.67,255.5,115,11.5,14.8,1,4,4
yes,76,0,0,0,272.7,97,46.36,236.4,95,20.09,235.5,105,10.6,7.7,2,2.08,0
yes,105,1,1,28,156.1,89,26.54,107.1,114,9.1,167.7,95,7.55,14.7,3,3.97,0
yes,91,0,0,0,153,123,26.01,141.1,127,11.99,171.5,76,7.72,10.3,15,2.78,1
yes,147,1,0,0,225.2,111,38.28,184.9,98,15.72,143.2,146,6.44,9.9,1,2.67,0
yes,68,0,0,0,249.9,127,42.48,254.5,118,21.63,273.2,98,12.29,8.9,6,2.4,2
yes,159,0,0,0,275.8,103,46.89,189.5,108,16.11,223.9,93,10.08,7.4,5,2,2
yes,93,1,1,38,225.7,117,38.37,119.6,122,10.17,193.2,125,8.69,14,7,3.78,1
yes,174,0,1,33,167.8,91,28.53,205.3,91,17.45,130,132,5.85,14.5,4,3.92,4
yes,103,0,0,0,150.6,125,25.6,169.1,126,14.37,221.2,104,9.95,10.4,8,2.81,8
yes,100,0,0,0,70.8,94,12.04,215.6,102,18.33,230.8,125,10.39,9.5,1,2.57,6
yes,119,0,0,0,260.1,101,44.22,256.5,68,21.8,229.1,89,10.31,10,2,2.7,1
yes,105,0,0,0,281.3,124,47.82,301.5,96,25.63,202.8,109,9.13,8.7,3,2.35,0
yes,108,1,1,42,130.1,90,22.12,167,128,14.2,244.7,80,11.01,13.6,5,3.67,3
yes,113,0,0,0,128.7,100,21.88,227.1,67,19.3,178.1,135,8.01,9.2,4,2.48,2
yes,52,0,0,0,155,110,26.35,133.4,104,11.34,176.1,84,7.92,7,4,1.89,4
yes,71,0,0,0,238,82,40.46,278.5,94,23.67,193.1,134,8.69,11.8,10,3.19,0
yes,139,0,0,0,236.6,109,40.22,169.9,107,14.44,212.3,118,9.55,11.1,2,3,1
yes,113,0,1,20,157.8,83,26.83,161.5,56,13.73,271.5,100,12.22,8.7,2,2.35,5
yes,49,1,0,0,237.8,92,40.43,208.9,119,17.76,167.8,86,7.55,15.6,6,4.21,2
yes,106,1,0,0,204,84,34.68,168.5,61,14.32,164,102,7.38,13.3,3,3.59,3
yes,112,0,0,0,272.5,119,46.33,226.1,94,19.22,159.1,94,7.16,16.4,5,4.43,3
yes,73,0,0,0,286.4,109,48.69,178.2,67,15.15,214.2,152,9.64,10.7,14,2.89,1
yes,93,0,0,0,328.1,106,55.78,151.7,89,12.89,303.5,114,13.66,8.7,3,2.35,1
yes,154,1,0,0,145.9,69,24.8,208.2,141,17.7,180.9,106,8.14,14.4,10,3.89,0
yes,162,0,0,0,217.6,87,36.99,279,71,23.72,250.7,65,11.28,10.4,4,2.81,2
yes,136,0,0,0,269.8,106,45.87,228.8,101,19.45,257.5,106,11.59,10.1,8,2.73,1
yes,94,0,0,0,269.2,104,45.76,193.8,144,16.47,257.6,61,11.59,8.9,2,2.4,3
yes,53,0,0,0,261.2,119,44.4,250.8,105,21.32,176,112,7.92,9.8,2,2.65,0
yes,95,1,0,0,228.9,134,38.91,255.7,71,21.73,208,120,9.36,10.1,2,2.73,4
yes,71,0,0,0,290.4,108,49.37,253.9,92,21.58,263.3,126,11.85,10.1,5,2.73,3
yes,74,0,0,0,298.1,112,50.68,201.3,100,17.11,214.7,88,9.66,9.7,4,2.62,2
yes,128,1,1,18,222.1,89,37.76,160.6,109,13.65,218.8,102,9.85,13.6,2,3.67,0
yes,123,0,0,0,236.2,135,40.15,273.9,88,23.28,227,77,10.22,10.1,6,2.73,2
yes,150,0,0,0,136.6,112,23.22,209.4,81,17.8,161.1,78,7.25,12.2,2,3.29,4
yes,60,0,0,0,289.8,101,49.27,255.6,115,21.73,242.8,76,10.93,11.7,4,3.16,2
yes,138,1,0,0,196.2,129,33.35,176.5,86,15,232.4,108,10.46,15.2,1,4.1,0
yes,37,1,0,0,172.9,119,29.39,183,86,15.56,226.4,100,10.19,9.8,1,2.65,0
yes,111,0,0,0,249.8,109,42.47,242.4,106,20.6,231.8,78,10.43,11.6,4,3.13,0
yes,92,1,0,0,252.3,120,42.89,207,112,17.6,284.6,95,12.81,12,5,3.24,3
yes,100,0,0,0,96.5,86,16.41,210.2,133,17.87,146.4,106,6.59,12.5,3,3.38,1
yes,126,0,0,0,249.8,96,42.47,261.9,92,22.26,166.8,108,7.51,12.7,4,3.43,3
yes,212,0,0,0,226,127,38.42,304.6,83,25.89,181.2,132,8.15,12.6,4,3.4,2
yes,172,0,0,0,270,102,45.9,256.6,111,21.81,168.5,104,7.58,12,5,3.24,2
yes,166,1,0,0,47.7,89,8.11,264.4,95,22.47,235.2,97,10.58,13.2,3,3.56,0
yes,94,1,0,0,89.5,94,15.22,339.9,106,28.89,172.9,76,7.78,7.9,1,2.13,1
yes,115,1,0,0,251.3,69,42.72,252.5,96,21.46,118.3,112,5.32,9.9,1,2.67,3
yes,47,1,0,0,47.8,120,8.13,178.9,123,15.21,152.6,96,6.87,13.3,7,3.59,0
yes,41,0,0,0,232.1,74,39.46,327.1,88,27.8,226.5,119,10.19,10.9,2,2.94,3
yes,167,0,0,0,169.2,124,28.76,173.3,108,14.73,216.5,64,9.74,12.4,4,3.35,4
yes,97,1,0,0,145,103,24.65,294.3,93,25.02,239.8,120,10.79,11,2,2.97,4
yes,71,0,0,0,278.9,110,47.41,190.2,67,16.17,255.2,84,11.48,11.7,7,3.16,0
yes,98,0,0,0,217.2,121,36.92,303.4,73,25.79,197.1,71,8.87,12.4,2,3.35,0
yes,13,0,0,0,303.2,133,51.54,170.5,86,14.49,227.6,80,10.24,11.5,3,3.11,0
yes,116,0,0,0,133.3,94,22.66,247.8,126,21.06,219,78,9.86,11.3,5,3.05,5
yes,88,0,0,0,166.7,61,28.34,179.3,88,15.24,242.7,131,10.92,6.8,7,1.84,4
yes,61,0,0,0,267.1,104,45.41,180.4,131,15.33,230.6,106,10.38,17.3,4,4.67,1
yes,80,1,0,0,276.5,122,47.01,195.6,79,16.63,210.3,78,9.46,7.2,3,1.94,1
yes,29,0,0,0,313.2,103,53.24,216.3,151,18.39,218.4,106,9.83,12.8,4,3.46,2
yes,98,0,0,0,227.1,116,38.61,120.5,103,10.24,117,102,5.27,4.7,4,1.27,5
yes,113,0,0,0,245.3,108,41.7,259.9,140,22.09,204.3,115,9.19,10.7,2,2.89,3
yes,124,0,0,0,143.3,120,24.36,230.7,111,19.61,214.3,91,9.64,7.8,2,2.11,4
yes,110,0,0,0,271.1,108,46.09,237,122,20.15,239.9,122,10.8,9.8,5,2.65,2
yes,82,0,0,0,167.1,77,28.41,131.8,79,11.2,187.4,98,8.43,9.4,1,2.54,6
yes,124,1,0,0,157.8,71,26.83,203.2,114,17.27,168.7,82,7.59,10,2,2.7,3
yes,120,1,0,0,179.9,72,30.58,170,98,14.45,190.6,89,8.58,13.8,2,3.73,1
yes,68,1,1,29,195.5,113,33.24,171.6,96,14.59,204,85,9.18,13.5,9,3.65,1
yes,102,0,0,0,273.2,85,46.44,211.1,82,17.94,203.7,129,9.17,13.1,7,3.54,2
yes,105,0,0,0,273.8,97,46.55,289.7,106,24.62,269.1,126,12.11,5.8,3,1.57,2
yes,153,0,0,0,159.5,103,27.12,275.5,90,23.42,176.7,126,7.95,10.1,2,2.73,1
yes,112,0,0,0,174.3,123,29.63,140.2,124,11.92,215.4,89,9.69,9,6,2.43,4
yes,42,0,0,0,303.9,106,51.66,232.2,54,19.74,147.1,76,6.62,5.8,3,1.57,1
yes,101,0,1,36,123.7,125,21.03,172.6,106,14.67,280.5,127,12.62,8.8,4,2.38,1
yes,53,0,0,0,228.6,117,38.86,132.8,123,11.29,227.2,124,10.22,10.1,2,2.73,9
yes,120,1,0,0,202,123,34.34,184.3,78,15.67,176,89,7.92,7.4,2,2,2
yes,108,0,1,32,209.5,108,35.62,109.6,64,9.32,189.7,145,8.54,9.1,6,2.46,6
yes,161,0,0,0,297.9,141,50.64,238.1,107,20.24,240.5,93,10.82,8.9,5,2.4,1
yes,130,0,0,0,212.8,102,36.18,189.8,137,16.13,170.1,105,7.65,10.6,4,2.86,0
yes,107,0,0,0,294.9,71,50.13,192.8,78,16.39,148.1,87,6.66,13.2,5,3.56,1
yes,126,1,0,0,239.7,87,40.75,281.7,92,23.94,183.5,113,8.26,11.4,1,3.08,1
yes,77,0,1,33,143,101,24.31,212.2,102,18.04,104.9,120,4.72,15.3,4,4.13,5
yes,92,0,1,29,201.3,130,34.22,203.7,115,17.31,129.9,113,5.85,6.4,6,1.73,1
yes,139,1,1,31,203.5,82,34.6,200.3,72,17.03,214,112,9.63,13.4,6,3.62,1
yes,89,0,0,0,326.3,112,55.47,165.1,110,14.03,162.9,97,7.33,7.5,1,2.03,1
yes,114,0,0,0,147.1,119,25.01,161,111,13.69,275.9,106,12.42,9,3,2.43,5
yes,37,0,0,0,239.9,120,40.78,261.6,88,22.24,207.1,88,9.32,8.9,4,2.4,2
yes,100,1,0,0,159.9,94,27.18,179.9,95,15.29,154.4,102,6.95,11.6,2,3.13,2
yes,132,0,0,0,197.8,66,33.63,133.9,119,11.38,177.3,94,7.98,10.9,3,2.94,4
yes,40,0,0,0,81.7,123,13.89,210.2,108,17.87,212,64,9.54,11.3,3,3.05,6
yes,75,0,0,0,109,88,18.53,259.3,120,22.04,182.1,119,8.19,13.3,3,3.59,4
yes,105,0,1,31,109.6,108,18.63,249.3,119,21.19,321.2,101,14.45,8.3,4,2.24,4
yes,182,0,0,0,279.5,118,47.52,203.2,113,17.27,174.2,101,7.84,10.7,4,2.89,2
yes,152,1,1,41,146.8,128,24.96,285.6,96,24.28,213.6,80,9.61,4.3,2,1.16,1
yes,129,0,0,0,137.8,120,23.43,225.8,110,19.19,145.2,95,6.53,10.2,6,2.75,1
yes,116,1,1,29,162.3,91,27.59,279.3,79,23.74,192.7,131,8.67,11.7,2,3.16,3
yes,143,0,0,0,167.8,72,28.53,211,99,17.94,153.5,109,6.91,10.5,6,2.84,4
yes,21,0,0,0,92.6,95,15.74,161.9,70,13.76,285,78,12.83,11.3,3,3.05,5
yes,111,0,0,0,123.1,88,20.93,213.9,84,18.18,184.9,88,8.32,12,2,3.24,5
yes,57,1,0,0,115,65,19.55,122.3,96,10.4,245,75,11.03,6.4,1,1.73,0
yes,92,0,0,0,184.7,60,31.4,262,73,22.27,239.5,120,10.78,12.3,6,3.32,2
yes,125,0,0,0,113,108,19.21,169.2,107,14.38,156.6,61,7.05,9.2,5,2.48,2
yes,119,0,0,0,294.2,100,50.01,232.5,53,19.76,195,64,8.78,9,1,2.43,0
yes,138,1,1,28,211.2,117,35.9,312.5,98,26.56,178,118,8.01,10.7,2,2.89,3
yes,19,0,0,0,259.4,116,44.1,269.7,109,22.92,175.3,130,7.89,9.5,3,2.57,1
yes,58,0,0,0,247.2,116,42.02,303.7,103,25.81,105.4,94,4.74,9.3,2,2.51,2
yes,152,0,0,0,317.8,60,54.03,152.9,100,13,123.4,63,5.55,10.4,7,2.81,1
yes,124,0,0,0,312,112,53.04,180,109,15.3,168.6,94,7.59,12.8,4,3.46,1
yes,131,0,0,0,131.6,95,22.37,179.3,109,15.24,251.2,129,11.3,15.5,3,4.19,1
yes,123,0,0,0,123.2,104,20.94,190,117,16.15,170.3,95,7.66,12.9,5,3.48,4
yes,122,0,0,0,231.2,141,39.3,267.8,136,22.76,240.3,100,10.81,8.8,5,2.38,1
yes,115,1,0,0,345.3,81,58.7,203.4,106,17.29,217.5,107,9.79,11.8,8,3.19,1
yes,25,0,0,0,264.9,80,45.03,281.2,66,23.9,166.1,80,7.47,8.4,4,2.27,1
yes,97,0,0,0,225.1,90,38.27,279.5,127,23.76,233.8,103,10.52,8.8,4,2.38,0
yes,86,1,0,0,162.4,131,27.61,167,102,14.2,128.9,118,5.8,11.4,2,3.08,2
yes,145,0,0,0,224.2,89,38.11,314.9,121,26.77,182.9,121,8.23,16.1,3,4.35,1
yes,125,1,0,0,298.4,78,50.73,270.5,142,22.99,107.3,84,4.83,12.2,2,3.29,0
yes,147,1,1,35,157.5,109,26.78,189.6,67,16.12,227,76,10.22,11.1,2,3,3
yes,105,0,0,0,226.9,106,38.57,182.2,77,15.49,203.9,107,9.18,11.6,2,3.13,0
yes,141,0,1,32,322.4,92,54.81,283.2,107,24.07,209.5,111,9.43,6.7,3,1.81,1
yes,91,1,0,0,246.4,110,41.89,182,98,15.47,157.6,106,7.09,12.1,2,3.27,2
yes,116,0,0,0,288,120,48.96,255.8,90,21.74,233.4,99,10.5,13.4,4,3.62,0
yes,88,0,0,0,301.5,136,51.26,257.7,72,21.9,132.9,118,5.98,13.4,2,3.62,4
yes,50,1,0,0,99.6,108,16.93,308.7,102,26.24,161.2,62,7.25,13.7,6,3.7,2
yes,188,1,1,26,198.8,115,33.8,166.6,67,14.16,198.5,118,8.93,14.4,3,3.89,1
yes,103,1,0,0,255.9,128,43.5,140.9,92,11.98,308.9,130,13.9,12.1,2,3.27,1
yes,65,1,0,0,277.9,123,47.24,155.8,112,13.24,256.9,71,11.56,9.2,10,2.48,0
yes,180,0,0,0,224.9,105,38.23,250,101,21.25,216.1,73,9.72,6.7,5,1.81,3
yes,44,0,0,0,308.6,139,52.46,150.8,94,12.82,198.7,66,8.94,7.3,3,1.97,4
yes,121,0,0,0,144.8,126,24.62,200.6,82,17.05,208.8,81,9.4,13.3,9,3.59,0
yes,125,1,1,29,260.8,81,44.34,163.7,112,13.91,271.7,117,12.23,17,6,4.59,1
yes,125,0,0,0,240.7,82,40.92,269.4,85,22.9,187.1,74,8.42,10.1,3,2.73,0
yes,74,0,0,0,314.1,86,53.4,222.4,99,18.9,259,121,11.66,12.3,5,3.32,3
yes,209,0,0,0,255.1,124,43.37,230.6,110,19.6,218,69,9.81,8.5,5,2.3,3
yes,132,0,0,0,291.2,104,49.5,234.2,132,19.91,191.7,87,8.63,8.9,3,2.4,1
yes,63,0,0,0,261.8,69,44.51,245,135,20.83,202.1,94,9.09,14.7,4,3.97,0
yes,182,0,0,0,279.1,124,47.45,180.5,108,15.34,217.5,104,9.79,9.5,11,2.57,2
yes,127,0,0,0,245.2,91,41.68,217.2,92,18.46,243.1,128,10.94,13.9,6,3.75,0
yes,130,1,0,0,216.2,106,36.75,363.7,86,30.91,126.7,123,5.7,16.9,2,4.56,5
yes,90,1,1,26,169,104,28.73,188.8,104,16.05,213.3,76,9.6,13.3,3,3.59,0
yes,61,0,1,40,105,78,17.85,180.6,100,15.35,174.1,115,7.83,10.2,2,2.75,2
yes,147,0,0,0,274,92,46.58,231.8,82,19.7,283.6,83,12.76,6.2,1,1.67,0
yes,137,1,0,0,237.3,103,40.34,176.7,84,15.02,263.4,81,11.85,14.2,4,3.83,0
yes,161,0,0,0,154.7,84,26.3,177.8,125,15.11,172.9,90,7.78,5.9,2,1.59,4
yes,134,0,1,34,247.2,105,42.02,225.5,133,19.17,186.3,76,8.38,6.1,5,1.65,2
yes,62,1,1,32,218.4,93,37.13,236.7,132,20.12,192.2,137,8.65,13.2,3,3.56,0
yes,119,0,0,0,239.1,88,40.65,243.5,79,20.7,230.9,92,10.39,10.9,3,2.94,3
yes,38,0,0,0,175.7,109,29.87,211.8,97,18,137.9,109,6.21,9.2,3,2.48,5
yes,109,0,1,29,111.2,90,18.9,263.5,98,22.4,224.7,128,10.11,9,6,2.43,6
yes,137,1,0,0,258,112,43.86,246.5,117,20.95,173.2,100,7.79,10.9,3,2.94,0
yes,52,1,0,0,251.4,118,42.74,196.6,80,16.71,192,53,8.64,11,2,2.97,0
yes,130,0,0,0,263.7,113,44.83,186.5,103,15.85,195.3,99,8.79,18.3,6,4.94,1
yes,159,0,0,0,167.4,68,28.46,143.8,74,12.22,140.1,111,6.3,10.3,3,2.78,0
yes,81,0,0,0,324.7,48,55.2,236.4,82,20.09,187.6,78,8.44,13.1,5,3.54,0
yes,89,0,0,0,129.2,71,21.96,214.1,68,18.2,214.9,100,9.67,10.3,4,2.78,5
yes,123,1,0,0,125.5,106,21.34,128.9,96,10.96,251.9,129,11.34,6.3,6,1.7,4
yes,112,0,0,0,266,97,45.22,214.6,94,18.24,306.2,100,13.78,14.2,2,3.83,2
yes,97,0,1,32,90,87,15.3,276.3,113,23.49,185.2,107,8.33,8.6,6,2.32,2
yes,17,1,0,0,162.8,118,27.68,229.6,91,19.52,332.7,94,14.97,13.6,3,3.67,0
yes,134,0,0,0,296,93,50.32,226.4,117,19.24,246.8,98,11.11,12.3,10,3.32,0
yes,178,1,0,0,124.5,134,21.17,141.2,78,12,268.2,113,12.07,11.4,2,3.08,2
yes,170,0,0,0,285.7,44,48.57,167.5,144,14.24,260,97,11.7,8.7,4,2.35,1
yes,93,0,0,0,271.1,101,46.09,237.4,133,20.18,145.4,103,6.54,8.4,6,2.27,1
yes,78,0,0,0,108.6,108,18.46,209.9,126,17.84,222.6,117,10.02,7.9,5,2.13,1
yes,85,0,1,17,89.8,88,15.27,233.2,75,19.82,165.7,116,7.46,9.3,7,2.51,4
yes,148,0,0,0,279.3,104,47.48,201.6,87,17.14,280.8,99,12.64,7.9,2,2.13,2
yes,96,0,0,0,276.9,105,47.07,246.9,94,20.99,254.4,107,11.45,10.3,3,2.78,1
yes,168,0,0,0,163.4,134,27.78,240.1,87,20.41,164,147,7.38,11.6,2,3.13,2
yes,72,0,0,0,287.4,116,48.86,235.3,126,20,292.1,114,13.14,5,3,1.35,4
yes,24,0,0,0,149,73,25.33,131,81,11.14,238.6,69,10.74,8.6,3,2.32,2
yes,44,0,0,0,288.8,86,49.1,175.9,87,14.95,215.4,106,9.69,9.5,2,2.57,0
yes,117,1,0,0,287.4,118,48.86,259.6,84,22.07,153.2,86,6.89,10,3,2.7,1
yes,145,0,0,0,245.8,116,41.79,286.7,91,24.37,240.7,115,10.83,9,13,2.43,1
yes,133,0,0,0,117.8,100,20.03,199.2,105,16.93,244.1,119,10.98,11.8,4,3.19,0
yes,123,0,0,0,242.2,87,41.17,226.1,101,19.22,268.6,121,12.09,8.2,3,2.21,5
yes,95,0,0,0,128.6,115,21.86,216.2,88,18.38,255.3,96,11.49,6.3,2,1.7,6
yes,1,0,0,0,182.1,106,30.96,134.9,106,11.47,152.3,75,6.85,10,3,2.7,5
yes,98,0,1,36,168,81,28.56,163.2,125,13.87,172.7,120,7.77,8,2,2.16,6
yes,99,0,0,0,256.4,44,43.59,214.5,105,18.23,233.7,75,10.52,7.9,1,2.13,3
yes,160,0,0,0,234.9,136,39.93,270.8,134,23.02,219.3,101,9.87,13.9,2,3.75,1
yes,148,1,0,0,233.5,81,39.7,187.7,71,15.95,122.3,97,5.5,9.6,2,2.59,0
yes,147,0,1,35,197.3,134,33.54,141.1,99,11.99,212.1,90,9.54,10.1,4,2.73,2
yes,99,0,0,0,135.7,107,23.07,208.4,103,17.71,209,95,9.4,8.8,3,2.38,7
yes,84,0,0,0,225.9,86,38.4,275.6,105,23.43,201.4,108,9.06,14.3,3,3.86,3
yes,131,1,0,0,122.3,83,20.79,118.8,94,10.1,147.9,95,6.66,13.7,3,3.7,3
yes,108,1,0,0,115.1,114,19.57,211.3,70,17.96,136.1,85,6.12,13.8,3,3.73,2
yes,128,0,0,0,227.9,130,38.74,302.6,71,25.72,191.5,82,8.62,5.5,7,1.49,1
yes,177,0,0,0,266.1,91,45.24,225.2,79,19.14,224.7,58,10.11,8.9,8,2.4,3
yes,169,0,0,0,266.7,105,45.34,158.2,88,13.45,287.7,111,12.95,13.8,3,3.73,3
yes,103,0,1,35,110.5,101,18.79,208.3,81,17.71,87.4,77,3.93,13.9,2,3.75,4
yes,88,0,0,0,85.7,112,14.57,221.6,70,18.84,190.6,75,8.58,11.6,3,3.13,4
yes,57,0,0,0,272.7,74,46.36,224.9,85,19.12,178.2,104,8.02,10.5,3,2.84,2
yes,101,0,0,0,158.4,92,26.93,188,117,15.98,219.7,125,9.89,13.5,4,3.65,4
yes,130,0,0,0,271.8,129,46.21,237.2,128,20.16,210.1,91,9.45,8.7,2,2.35,4
yes,154,0,0,0,154.5,122,26.27,214.2,71,18.21,178,105,8.01,12,2,3.24,3
yes,75,0,0,0,305.1,106,51.87,188,115,15.98,235.4,116,10.59,8.5,5,2.3,0
yes,88,0,0,0,131.5,99,22.36,174.8,128,14.86,184.2,83,8.29,7.9,2,2.13,5
yes,27,0,0,0,226.3,95,38.47,274.3,109,23.32,242.7,119,10.92,8.2,3,2.21,2
yes,115,0,0,0,139.3,89,23.68,192.3,95,16.35,151,75,6.8,9.3,3,2.51,7
yes,108,0,0,0,291.6,99,49.57,221.1,93,18.79,229.2,110,10.31,14,9,3.78,2
yes,40,0,0,0,169.7,115,28.85,141.4,123,12.02,253,115,11.39,10.5,3,2.84,4
yes,100,0,0,0,113.3,96,19.26,197.9,89,16.82,284.5,93,12.8,11.7,2,3.16,4
yes,161,0,0,0,322.3,100,54.79,230.4,135,19.58,241.5,104,10.87,7.8,5,2.11,2
yes,35,0,0,0,138.1,115,23.48,158.2,82,13.45,215.7,118,9.71,10.3,2,2.78,5
yes,60,1,0,0,205.9,97,35,277.4,117,23.58,202,139,9.09,11,2,2.97,0
yes,56,0,0,0,221.9,112,37.72,278.2,122,23.65,288.1,85,12.96,7.1,5,1.92,0
yes,127,1,0,0,143.2,60,24.34,179.5,159,15.26,171.8,122,7.73,6.2,4,1.67,4
yes,54,0,0,0,247.5,85,42.08,225.4,93,19.16,244.3,132,10.99,10.2,2,2.75,2
yes,201,0,0,0,225.9,110,38.4,299.1,86,25.42,251.3,81,11.31,11.2,4,3.02,1
yes,78,0,0,0,103.5,115,17.6,117.9,102,10.02,201,94,9.05,12,3,3.24,4
yes,76,1,0,0,246.8,110,41.96,206.3,63,17.54,208.4,123,9.38,13.2,5,3.56,0
yes,103,0,0,0,174.7,151,29.7,148,56,12.58,168.2,109,7.57,15.8,3,4.27,6
yes,87,0,0,0,240,83,40.8,134.1,106,11.4,189.1,84,8.51,9.3,2,2.51,0
yes,111,0,0,0,294.7,90,50.1,294.6,72,25.04,260.1,121,11.7,10.8,3,2.92,1
yes,68,1,1,24,125.7,92,21.37,275.9,98,23.45,214.5,108,9.65,14.2,6,3.83,3
yes,115,0,0,0,226.4,101,38.49,276.8,60,23.53,213.4,82,9.6,12.3,4,3.32,3
yes,100,0,0,0,264.5,117,44.97,194,111,16.49,262.7,111,11.82,7.5,4,2.03,2
yes,121,0,0,0,255.1,93,43.37,266.9,97,22.69,197.7,118,8.9,8.8,3,2.38,3
yes,177,1,0,0,248.7,118,42.28,172.3,73,14.65,191.9,87,8.64,11.3,2,3.05,1
yes,113,1,0,0,122.2,112,20.77,131.7,94,11.19,169.5,106,7.63,10.3,9,2.78,5
yes,77,1,1,44,103.2,117,17.54,236.3,86,20.09,203.5,101,9.16,11.9,2,3.21,0
yes,146,0,0,0,138.4,104,23.53,158.9,122,13.51,47.4,73,2.13,3.9,9,1.05,4
yes,138,1,0,0,286.2,61,48.65,187.2,60,15.91,146.2,114,6.58,11,4,2.97,2
yes,82,0,0,0,266.9,83,45.37,229.7,74,19.52,251.7,99,11.33,11,6,2.97,3
yes,84,0,0,0,289.1,100,49.15,233.8,97,19.87,223.5,148,10.06,12.7,2,3.43,2
yes,133,0,0,0,295,141,50.15,223.6,101,19.01,229.4,109,10.32,12.9,4,3.48,2
yes,76,0,0,0,107.3,140,18.24,238.2,133,20.25,271.8,116,12.23,10,3,2.7,4
yes,170,0,1,42,199.5,119,33.92,135,90,11.48,184.6,49,8.31,10.9,3,2.94,4
yes,119,1,1,22,172.1,119,29.26,223.6,133,19.01,150,94,6.75,13.9,20,3.75,1
yes,84,0,0,0,280,113,47.6,202.2,90,17.19,156.8,103,7.06,10.4,4,2.81,0
yes,71,1,0,0,186.1,114,31.64,198.6,140,16.88,206.5,80,9.29,13.8,5,3.73,4
yes,122,1,0,0,140,101,23.8,196.4,77,16.69,120.1,133,5.4,9.7,4,2.62,4
yes,62,0,0,0,321.1,105,54.59,265.5,122,22.57,180.5,72,8.12,11.5,2,3.11,4
yes,117,0,0,0,118.4,126,20.13,249.3,97,21.19,227,56,10.22,13.6,3,3.67,5
no,128,0,1,25,265.1,110,45.07,197.4,99,16.78,244.7,91,11.01,10,3,2.7,1
no,107,0,1,26,161.6,123,27.47,195.5,103,16.62,254.4,103,11.45,13.7,3,3.7,1
no,137,0,0,0,243.4,114,41.38,121.2,110,10.3,162.6,104,7.32,12.2,5,3.29,0
no,84,1,0,0,299.4,71,50.9,61.9,88,5.26,196.9,89,8.86,6.6,7,1.78,2
no,75,1,0,0,166.7,113,28.34,148.3,122,12.61,186.9,121,8.41,10.1,3,2.73,3
no,118,1,0,0,223.4,98,37.98,220.6,101,18.75,203.9,118,9.18,6.3,6,1.7,0
no,121,0,1,24,218.2,88,37.09,348.5,108,29.62,212.6,118,9.57,7.5,7,2.03,3
no,147,1,0,0,157,79,26.69,103.1,94,8.76,211.8,96,9.53,7.1,6,1.92,0
no,117,0,0,0,184.5,97,31.37,351.6,80,29.89,215.8,90,9.71,8.7,4,2.35,1
no,141,1,1,37,258.6,84,43.96,222,111,18.87,326.4,97,14.69,11.2,5,3.02,0
no,74,0,0,0,187.7,127,31.91,163.4,148,13.89,196,94,8.82,9.1,5,2.46,0
no,168,0,0,0,128.8,96,21.9,104.9,71,8.92,141.1,128,6.35,11.2,2,3.02,1
no,95,0,0,0,156.6,88,26.62,247.6,75,21.05,192.3,115,8.65,12.3,5,3.32,3
no,62,0,0,0,120.7,70,20.52,307.2,76,26.11,203,99,9.14,13.1,6,3.54,4
no,85,0,1,27,196.4,139,33.39,280.9,90,23.88,89.3,75,4.02,13.8,4,3.73,1
no,93,0,0,0,190.7,114,32.42,218.2,111,18.55,129.6,121,5.83,8.1,3,2.19,3
no,76,0,1,33,189.7,66,32.25,212.8,65,18.09,165.7,108,7.46,10,5,2.7,1
no,73,0,0,0,224.4,90,38.15,159.5,88,13.56,192.8,74,8.68,13,2,3.51,1
no,147,0,0,0,155.1,117,26.37,239.7,93,20.37,208.8,133,9.4,10.6,4,2.86,0
no,130,0,0,0,183,112,31.11,72.9,99,6.2,181.8,78,8.18,9.5,19,2.57,0
no,111,0,0,0,110.4,103,18.77,137.3,102,11.67,189.6,105,8.53,7.7,6,2.08,2
no,132,0,0,0,81.1,86,13.79,245.2,72,20.84,237,115,10.67,10.3,2,2.78,0
no,174,0,0,0,124.3,76,21.13,277.1,112,23.55,250.7,115,11.28,15.5,5,4.19,3
no,57,0,1,39,213,115,36.21,191.1,112,16.24,182.7,115,8.22,9.5,3,2.57,0
no,54,0,0,0,134.3,73,22.83,155.5,100,13.22,102.1,68,4.59,14.7,4,3.97,3
no,20,0,0,0,190,109,32.3,258.2,84,21.95,181.5,102,8.17,6.3,6,1.7,0
no,49,0,0,0,119.3,117,20.28,215.1,109,18.28,178.7,90,8.04,11.1,1,3,1
no,142,0,0,0,84.8,95,14.42,136.7,63,11.62,250.5,148,11.27,14.2,6,3.83,2
no,75,0,0,0,226.1,105,38.44,201.5,107,17.13,246.2,98,11.08,10.3,5,2.78,1
no,172,0,0,0,212,121,36.04,31.2,115,2.65,293.3,78,13.2,12.6,10,3.4,3
no,57,0,1,25,176.8,94,30.06,195,75,16.58,213.5,116,9.61,8.3,4,2.24,0
no,72,0,1,37,220,80,37.4,217.3,102,18.47,152.8,71,6.88,14.7,6,3.97,3
no,36,0,1,30,146.3,128,24.87,162.5,80,13.81,129.3,109,5.82,14.5,6,3.92,0
no,78,0,0,0,130.8,64,22.24,223.7,116,19.01,227.8,108,10.25,10,5,2.7,1
no,136,1,1,33,203.9,106,34.66,187.6,99,15.95,101.7,107,4.58,10.5,6,2.84,3
no,149,0,0,0,140.4,94,23.87,271.8,92,23.1,188.3,108,8.47,11.1,9,3,1
no,98,0,0,0,126.3,102,21.47,166.8,85,14.18,187.8,135,8.45,9.4,2,2.54,3
no,34,0,0,0,124.8,82,21.22,282.2,98,23.99,311.5,78,14.02,10,4,2.7,2
no,160,0,0,0,85.8,77,14.59,165.3,110,14.05,178.5,92,8.03,9.2,4,2.48,3
no,64,0,0,0,154,67,26.18,225.8,118,19.19,265.3,86,11.94,3.5,3,0.95,1
no,59,0,1,28,120.9,97,20.55,213,92,18.11,163.1,116,7.34,8.5,5,2.3,2
no,65,0,0,0,211.3,120,35.92,162.6,122,13.82,134.7,118,6.06,13.2,5,3.56,3
no,142,0,0,0,187,133,31.79,134.6,74,11.44,242.2,127,10.9,7.4,5,2,2
no,97,0,1,24,133.2,135,22.64,217.2,58,18.46,70.6,79,3.18,11,3,2.97,1
no,52,0,0,0,191.9,108,32.62,269.8,96,22.93,236.8,87,10.66,7.8,5,2.11,3
no,60,0,0,0,220.6,57,37.5,211.1,115,17.94,249,129,11.21,6.8,3,1.84,1
no,10,0,0,0,186.1,112,31.64,190.2,66,16.17,282.8,57,12.73,11.4,6,3.08,2
no,96,0,0,0,160.2,117,27.23,267.5,67,22.74,228.5,68,10.28,9.3,5,2.51,2
no,81,0,0,0,175.5,67,29.84,249.3,85,21.19,270.2,98,12.16,10.2,3,2.75,1
no,141,0,0,0,126.9,98,21.57,180,62,15.3,140.8,128,6.34,8,2,2.16,1
no,68,0,0,0,148.8,70,25.3,246.5,164,20.95,129.8,103,5.84,12.1,3,3.27,3
no,125,0,0,0,229.3,103,38.98,177.4,126,15.08,189.3,95,8.52,12,8,3.24,1
no,174,0,0,0,192.1,97,32.66,169.9,94,14.44,166.6,54,7.5,11.4,4,3.08,1
no,116,0,1,34,268.6,83,45.66,178.2,142,15.15,166.3,106,7.48,11.6,3,3.13,2
no,74,0,1,33,193.7,91,32.93,246.1,96,20.92,138,92,6.21,14.6,3,3.94,2
no,149,0,1,28,180.7,92,30.72,187.8,64,15.96,265.5,53,11.95,12.6,3,3.4,3
no,38,0,0,0,131.2,98,22.3,162.9,97,13.85,159,106,7.15,8.2,6,2.21,2
no,40,0,1,41,148.1,74,25.18,169.5,88,14.41,214.1,102,9.63,6.2,5,1.67,2
no,43,1,0,0,251.5,105,42.76,212.8,104,18.09,157.8,67,7.1,9.3,4,2.51,0
no,113,1,0,0,125.2,93,21.28,206.4,119,17.54,129.3,139,5.82,8.3,8,2.24,0
no,126,0,0,0,211.6,70,35.97,216.9,80,18.44,153.5,60,6.91,7.8,1,2.11,1
no,138,0,0,0,241.8,93,41.11,170.5,83,14.49,295.3,104,13.29,11.8,7,3.19,3
no,162,0,1,46,224.9,97,38.23,188.2,84,16,254.6,61,11.46,12.1,2,3.27,0
no,147,0,0,0,248.6,83,42.26,148.9,85,12.66,172.5,109,7.76,8,4,2.16,3
no,90,0,0,0,203.4,146,34.58,226.7,117,19.27,152.4,105,6.86,7.3,4,1.97,1
no,85,0,0,0,235.8,109,40.09,157.2,94,13.36,188.2,99,8.47,12,3,3.24,0
no,50,0,0,0,157.1,90,26.71,223.3,72,18.98,181.4,111,8.16,6.1,2,1.65,1
no,46,0,0,0,214.1,72,36.4,164.4,104,13.97,177.5,113,7.99,8.2,3,2.21,2
no,70,0,0,0,170.2,98,28.93,155.2,102,13.19,228.6,76,10.29,15,2,4.05,1
no,144,0,0,0,201.1,99,34.19,303.5,74,25.8,224,119,10.08,13.2,2,3.56,1
no,116,1,0,0,215.4,104,36.62,204.8,79,17.41,278.5,109,12.53,12.6,5,3.4,3
no,55,0,1,25,165.6,123,28.15,136.1,95,11.57,175.7,90,7.91,11,2,2.97,3
no,70,0,1,24,249.5,101,42.42,259.7,98,22.07,222.7,68,10.02,9.8,4,2.65,1
no,128,0,1,29,179.3,104,30.48,225.9,86,19.2,323,78,14.54,8.6,7,2.32,0
no,111,0,0,0,214.3,118,36.43,208.5,76,17.72,182.4,98,8.21,12,2,3.24,1
no,74,0,1,35,154.1,104,26.2,123.4,84,10.49,202.1,57,9.09,10.9,9,2.94,2
no,82,0,0,0,143.9,61,24.46,194.9,105,16.57,109.6,94,4.93,11.1,2,3,1
no,80,0,0,0,124.3,100,21.13,173,107,14.71,253.2,62,11.39,7.9,9,2.13,1
no,78,0,0,0,252.9,93,42.99,178.4,112,15.16,263.9,105,11.88,9.5,7,2.57,3
no,90,0,0,0,179.1,71,30.45,190.6,81,16.2,127.7,91,5.75,10.6,7,2.86,3
no,104,0,0,0,278.4,106,47.33,81,113,6.89,163.2,137,7.34,9.8,5,2.65,1
no,73,0,0,0,160.1,110,27.22,213.3,72,18.13,174.1,72,7.83,13,4,3.51,0
no,99,0,0,0,198.2,87,33.69,207.3,76,17.62,190.9,113,8.59,8.7,3,2.35,4
no,98,0,1,21,161.2,114,27.4,252.2,83,21.44,160.2,92,7.21,4.4,8,1.19,4
no,108,0,0,0,178.3,137,30.31,189,76,16.07,129.1,102,5.81,14.6,5,3.94,0
no,135,0,0,0,151.7,82,25.79,119,105,10.12,180,100,8.1,10.5,6,2.84,0
no,95,0,0,0,135,99,22.95,183.6,106,15.61,245.3,102,11.04,12.5,9,3.38,1
no,122,0,0,0,170.5,94,28.99,173.7,109,14.76,248.6,75,11.19,11.3,2,3.05,1
no,95,0,0,0,238.1,65,40.48,187.2,98,15.91,190,115,8.55,11.8,4,3.19,4
no,36,0,1,29,281.4,102,47.84,202.2,76,17.19,187.2,113,8.42,9,6,2.43,2
no,93,0,1,21,117.9,131,20.04,164.5,115,13.98,217,86,9.76,9.8,3,2.65,1
no,141,0,1,32,148.6,91,25.26,131.1,97,11.14,219.4,142,9.87,10.1,1,2.73,1
no,157,0,0,0,229.8,90,39.07,147.9,121,12.57,241.4,108,10.86,9.6,7,2.59,3
no,120,0,0,0,165,100,28.05,317.2,83,26.96,119.2,86,5.36,8.3,8,2.24,1
no,103,0,0,0,185,117,31.45,223.3,94,18.98,222.8,91,10.03,12.6,2,3.4,2
no,98,0,0,0,161,117,27.37,190.9,113,16.23,227.7,113,10.25,12.1,4,3.27,4
no,125,0,0,0,126.7,108,21.54,206,90,17.51,247.8,114,11.15,13.3,7,3.59,1
no,63,0,0,0,58.9,125,10.01,169.6,59,14.42,211.4,88,9.51,9.4,3,2.54,1
no,64,0,0,0,162.6,83,27.64,152.3,109,12.95,57.5,122,2.59,14.2,3,3.83,1
no,112,0,1,36,113.7,117,19.33,157.5,82,13.39,177.6,118,7.99,10,3,2.7,2
no,97,0,0,0,239.8,125,40.77,214.8,111,18.26,143.3,81,6.45,8.7,5,2.35,2
no,46,0,0,0,210.2,92,35.73,227.3,77,19.32,200.1,116,9,13.1,7,3.54,1
no,41,0,1,22,213.8,102,36.35,141.8,86,12.05,142.2,123,6.4,7.2,3,1.94,0
no,121,0,0,0,190.7,103,32.42,183.5,117,15.6,220.8,103,9.94,9.8,4,2.65,3
no,193,0,0,0,170.9,124,29.05,132.3,95,11.25,112.9,89,5.08,11.6,3,3.13,1
no,130,0,0,0,154.2,119,26.21,110.2,98,9.37,227.4,117,10.23,9.2,5,2.48,2
no,85,0,0,0,201.4,52,34.24,229.4,104,19.5,252.5,106,11.36,12,3,3.24,1
no,92,0,0,0,91.7,90,15.59,193.7,123,16.46,175,86,7.88,9.2,4,2.48,2
no,131,0,1,36,214.2,115,36.41,161.7,117,13.74,264.7,102,11.91,9.5,4,2.57,3
no,90,0,0,0,145.5,92,24.74,217.7,114,18.5,146.9,123,6.61,10.9,2,2.94,3
no,75,0,0,0,166.3,125,28.27,158.2,86,13.45,256.7,80,11.55,6.1,5,1.65,1
no,78,0,0,0,231,115,39.27,230.4,140,19.58,261.4,120,11.76,9.5,3,2.57,1
no,82,0,0,0,200.3,96,34.05,201.2,102,17.1,206.1,60,9.27,7.1,1,1.92,4
no,163,0,0,0,197,109,33.49,202.6,128,17.22,206.4,80,9.29,9.1,10,2.46,1
no,91,1,0,0,129.9,112,22.08,173.3,83,14.73,247.2,130,11.12,11.2,3,3.02,3
no,75,0,1,21,175.8,97,29.89,217.5,106,18.49,237.5,134,10.69,5.3,4,1.43,5
no,91,0,0,0,203.1,106,34.53,210.1,113,17.86,195.6,129,8.8,12,3,3.24,3
no,127,0,1,36,183.2,117,31.14,126.8,76,10.78,263.3,71,11.85,11.2,8,3.02,1
no,113,0,1,23,205,101,34.85,152,60,12.92,158.6,59,7.14,10.2,5,2.75,2
no,110,0,0,0,148.5,115,25.25,276.4,84,23.49,193.6,112,8.71,12.4,3,3.35,1
no,120,0,1,39,200.3,68,34.05,220.4,97,18.73,253.8,116,11.42,10.5,4,2.84,0
no,157,0,1,28,192.6,107,32.74,195.5,74,16.62,109.7,139,4.94,6.8,5,1.84,3
no,103,0,0,0,246.5,47,41.91,195.5,84,16.62,200.5,96,9.02,11.7,4,3.16,1
no,140,0,0,0,231.9,101,39.42,160.1,94,13.61,110.4,98,4.97,14.3,6,3.86,3
no,127,0,0,0,146.7,91,24.94,203.5,78,17.3,203.4,110,9.15,13.7,3,3.7,1
no,83,1,0,0,271.5,87,46.16,216.3,126,18.39,121.1,105,5.45,11.7,4,3.16,1
no,121,0,0,0,181.5,121,30.86,218.4,98,18.56,161.6,103,7.27,8.5,5,2.3,1
no,145,0,1,43,257.7,97,43.81,162.1,95,13.78,286.9,86,12.91,11.1,4,3,2
no,113,0,0,0,193.8,99,32.95,221.4,125,18.82,172.3,67,7.75,10.6,6,2.86,1
no,117,0,0,0,102.8,119,17.48,206.7,91,17.57,299,105,13.46,10.1,7,2.73,1
no,65,0,0,0,187.9,116,31.94,157.6,117,13.4,227.3,86,10.23,7.5,6,2.03,1
no,56,0,0,0,226,112,38.42,248.5,118,21.12,140.5,142,6.32,6.9,11,1.86,1
no,96,0,0,0,260.4,115,44.27,146,46,12.41,269.5,87,12.13,11.5,4,3.11,5
no,151,0,0,0,178.7,116,30.38,292.1,138,24.83,265.9,101,11.97,9.8,4,2.65,0
no,139,0,1,23,157.6,129,26.79,247,96,21,259.2,112,11.66,13.7,2,3.7,0
no,6,0,0,0,183.6,117,31.21,256.7,72,21.82,178.6,79,8.04,10.2,2,2.75,1
no,115,0,1,24,142.1,124,24.16,183.4,129,15.59,164.8,114,7.42,9.6,4,2.59,1
no,87,0,0,0,136.3,97,23.17,172.2,108,14.64,137.5,101,6.19,7.1,5,1.92,0
no,141,0,0,0,217.1,110,36.91,241.5,111,20.53,253.5,103,11.41,12,6,3.24,0
no,141,0,1,36,187.5,99,31.88,241.4,116,20.52,229.5,105,10.33,10.5,5,2.84,3
no,62,0,0,0,98.9,103,16.81,135.4,122,11.51,236.6,82,10.65,12.2,1,3.29,1
no,146,0,0,0,206.3,151,35.07,148.6,89,12.63,167.2,91,7.52,6.1,3,1.65,1
no,92,0,1,33,243.1,92,41.33,213.8,92,18.17,228.7,104,10.29,12.1,2,3.27,2
no,185,0,1,31,189.8,126,32.27,163.3,133,13.88,264.8,126,11.92,7.5,3,2.03,1
no,148,0,0,0,202,102,34.34,243.2,128,20.67,261.3,90,11.76,10.9,3,2.94,1
no,94,0,1,38,170.1,124,28.92,193.3,116,16.43,105.9,73,4.77,12.8,4,3.46,1
no,32,0,0,0,230.9,87,39.25,187.4,90,15.93,154,53,6.93,6.3,2,1.7,0
no,68,0,0,0,237.1,105,40.31,223.5,105,19,97.4,79,4.38,13.2,2,3.56,1
no,64,0,1,27,182.1,91,30.96,169.7,98,14.42,164.7,86,7.41,10.6,5,2.86,2
no,25,0,0,0,119.3,87,20.28,211.5,101,17.98,268.9,86,12.1,10.5,4,2.84,3
no,65,0,0,0,116.8,87,19.86,178.9,93,15.21,182.4,150,8.21,14.1,2,3.81,1
no,179,0,0,0,219.2,92,37.26,149.4,125,12.7,244.7,104,11.01,6.1,5,1.65,0
no,94,0,0,0,252.6,104,42.94,169,125,14.37,170.9,106,7.69,11.1,7,3,2
no,62,0,0,0,147.1,91,25.01,190.4,107,16.18,195.2,115,8.78,12.2,3,3.29,0
no,127,0,0,0,202.1,103,34.36,229.4,86,19.5,195.2,113,8.78,11.5,3,3.11,2
no,116,0,0,0,173.5,93,29.5,194.1,76,16.5,208,112,9.36,16.2,10,4.37,3
no,70,0,0,0,232.1,122,39.46,292.3,112,24.85,201.2,112,9.05,0,0,0,3
no,94,1,1,23,197.1,125,33.51,214.5,136,18.23,282.2,103,12.7,9.5,5,2.57,4
no,67,0,1,36,115.6,111,19.65,237.7,94,20.2,169.9,103,7.65,9.9,12,2.67,2
no,19,0,0,0,186.1,98,31.64,254.3,57,21.62,214,127,9.63,14.6,7,3.94,2
no,170,1,0,0,259.9,68,44.18,245,122,20.83,134.4,121,6.05,8.4,3,2.27,3
no,73,0,0,0,214.3,145,36.43,268.5,135,22.82,241.2,92,10.85,10.8,13,2.92,1
no,106,0,0,0,158.7,74,26.98,64.3,139,5.47,198.5,103,8.93,10.2,4,2.75,1
no,93,0,0,0,271.6,71,46.17,229.4,108,19.5,77.3,121,3.48,10.9,3,2.94,2
no,164,0,0,0,160.6,111,27.3,163.2,126,13.87,187.1,112,8.42,9,3,2.43,1
no,51,0,0,0,232.4,109,39.51,187.4,95,15.93,231.2,107,10.4,9.1,3,2.46,1
no,107,0,0,0,133.8,85,22.75,180.5,94,15.34,112.2,115,5.05,8.9,4,2.4,0
no,130,0,0,0,176.9,109,30.07,90.7,104,7.71,238,69,10.71,9.5,2,2.57,1
no,80,0,0,0,209.9,74,35.68,195.1,77,16.58,208.2,119,9.37,8.8,4,2.38,2
no,94,0,0,0,137.5,118,23.38,203.2,88,17.27,150,131,6.75,13.4,2,3.62,0
no,118,0,1,23,289.5,52,49.22,166.6,111,14.16,119.1,88,5.36,9.5,4,2.57,1
no,117,0,1,23,198.1,86,33.68,177,86,15.05,180.5,92,8.12,6.8,6,1.84,1
no,78,0,0,0,149.7,119,25.45,182.2,115,15.49,261.5,126,11.77,9.7,8,2.62,0
no,63,0,0,0,83,64,14.11,177,106,15.05,245.7,89,11.06,13,3,3.51,0
no,53,0,1,24,145.7,146,24.77,220.5,136,18.74,249.9,96,11.25,13.1,5,3.54,3
no,62,0,0,0,182.3,101,30.99,328.2,93,27.9,245,131,11.03,11.2,1,3.02,2
no,97,0,0,0,218,86,37.06,184,94,15.64,240.5,110,10.82,6.4,8,1.73,3
no,105,0,0,0,140.6,109,23.9,178.6,51,15.18,217,83,9.76,6.8,3,1.84,2
no,157,0,0,0,152.7,105,25.96,257.5,80,21.89,198.1,93,8.91,9.4,4,2.54,1
no,66,0,1,36,106.7,76,18.14,209.8,77,17.83,190.4,117,8.57,12.1,2,3.27,1
no,122,0,0,0,243.8,98,41.45,83.9,72,7.13,179.8,84,8.09,13.7,8,3.7,2
no,38,0,0,0,194.4,94,33.05,186.7,95,15.87,223.3,90,10.05,10.8,5,2.92,3
no,106,0,0,0,213.9,95,36.36,151.9,70,12.91,260.1,124,11.7,12.2,5,3.29,3
no,99,0,0,0,217.2,112,36.92,246.7,89,20.97,226.1,89,10.17,15.8,7,4.27,3
no,99,0,0,0,241.1,72,40.99,155.6,98,13.23,188.2,109,8.47,11.6,10,3.13,1
no,144,1,0,0,203.5,100,34.6,247.6,103,21.05,194.3,94,8.74,11.9,11,3.21,0
no,82,0,1,24,155.2,131,26.38,244.5,106,20.78,122.4,68,5.51,10.7,3,2.89,1
no,86,0,1,31,167.6,139,28.49,113,118,9.61,246.9,121,11.11,12.2,6,3.29,1
no,93,0,0,0,179.3,93,30.48,178.6,98,15.18,225.2,131,10.13,11.5,6,3.11,3
no,93,0,0,0,151.4,89,25.74,186.4,76,15.84,172.5,120,7.76,10.9,3,2.94,0
no,120,0,0,0,180,80,30.6,224.2,82,19.06,265.4,91,11.94,4.7,7,1.27,3
no,106,0,0,0,223,121,37.91,110.1,98,9.36,188.7,107,8.49,7.1,12,1.92,0
no,81,0,0,0,183.6,116,31.21,152.6,98,12.97,212.2,99,9.55,12.2,6,3.29,3
no,127,0,1,22,166,114,28.22,174.5,103,14.83,244.9,68,11.02,10.2,6,2.75,1
no,65,0,0,0,136.1,112,23.14,272.9,96,23.2,220.2,104,9.91,4.4,2,1.19,1
no,35,0,0,0,149.3,113,25.38,242.2,122,20.59,174.3,104,7.84,8.9,6,2.4,2
no,88,0,0,0,65.4,97,11.12,168.2,76,14.3,236,113,10.62,13.8,1,3.73,2
no,65,0,0,0,213.4,111,36.28,234.5,94,19.93,250.1,123,11.25,2.7,4,0.73,1
no,123,0,0,0,206.9,85,35.17,244.7,78,20.8,221.5,136,9.97,7.7,2,2.08,3
no,126,0,1,27,186.2,78,31.65,189.6,83,16.12,76.5,139,3.44,9.6,3,2.59,2
no,104,0,1,23,280.2,136,47.63,220.5,92,18.74,136.9,102,6.16,13.3,3,3.59,4
no,45,0,1,22,196.6,84,33.42,313.2,92,26.62,163.3,108,7.35,11.9,3,3.21,0
no,63,1,1,36,199,110,33.83,291.3,111,24.76,197.6,92,8.89,11,6,2.97,1
no,100,0,0,0,203.1,96,34.53,217,126,18.45,180.9,122,8.14,13.5,2,3.65,3
no,53,0,0,0,168.8,97,28.7,220.3,87,18.73,154.3,113,6.94,10.9,2,2.94,0
no,92,1,0,0,173.1,140,29.43,240.3,105,20.43,233.2,117,10.49,9,5,2.43,1
no,110,0,1,40,202.6,103,34.44,118.8,128,10.1,234.9,98,10.57,9,9,2.43,2
no,110,0,0,0,74.5,117,12.67,200.8,98,17.07,192.2,101,8.65,9.8,7,2.65,3
no,215,0,0,0,83.6,148,14.21,120.9,91,10.28,226.6,110,10.2,10.7,9,2.89,0
no,73,0,0,0,192.2,86,32.67,168.6,116,14.33,139.8,87,6.29,9.4,6,2.54,1
no,138,0,0,0,220.2,89,37.43,88.3,125,7.51,195.3,79,8.79,12.9,5,3.48,0
no,36,0,0,0,253.4,77,43.08,182.4,151,15.5,275.8,103,12.41,8.4,2,2.27,1
no,85,0,0,0,225,81,38.25,176.9,63,15.04,194.3,110,8.74,7.1,2,1.92,3
no,22,0,0,0,110.3,107,18.75,166.5,93,14.15,202.3,96,9.1,9.5,5,2.57,0
no,107,0,1,37,60,102,10.2,102.2,80,8.69,261.8,106,11.78,11.1,3,3,0
no,51,0,0,0,214.8,94,36.52,149.7,58,12.72,283.4,66,12.75,10.2,5,2.75,0
no,94,0,0,0,181.8,85,30.91,202.4,98,17.2,245.9,97,11.07,9.2,2,2.48,4
no,119,0,1,23,154,114,26.18,278,137,23.63,228.4,112,10.28,11.8,4,3.19,2
no,106,0,0,0,207.9,91,35.34,172,109,14.62,191.8,143,8.63,14.4,7,3.89,4
no,82,0,0,0,207,90,35.19,232.9,83,19.8,172.4,108,7.76,9.1,8,2.46,3
no,86,0,1,41,119,101,20.23,230,134,19.55,236.9,58,10.66,9.5,3,2.57,0
no,97,1,0,0,143.7,117,24.43,273,82,23.21,178.3,81,8.02,10.9,3,2.94,0
no,106,0,1,32,165.9,126,28.2,216.5,93,18.4,173.1,86,7.79,14.1,8,3.81,4
no,108,0,0,0,138.6,122,23.56,172.3,117,14.65,231.6,92,10.42,9.8,3,2.65,1
no,114,0,0,0,84.7,118,14.4,249.9,86,21.24,193.4,95,8.7,14.5,8,3.92,1
no,59,0,0,0,155.2,79,26.38,235.3,123,20,169.4,80,7.62,8.7,4,2.35,1
no,24,0,1,25,164.9,110,28.03,209.3,105,17.79,231.2,55,10.4,6.7,9,1.81,1
no,151,0,0,0,134.5,88,22.87,143.1,112,12.16,223.9,61,10.08,15.4,1,4.16,1
no,117,0,0,0,143.3,103,24.36,211.3,108,17.96,185.2,96,8.33,11.5,3,3.11,1
no,78,0,0,0,168.3,110,28.61,221.2,73,18.8,241,136,10.85,12.5,1,3.38,1
no,155,0,0,0,262.4,55,44.61,194.6,113,16.54,146.5,85,6.59,8.3,6,2.24,2
no,114,0,1,30,206.2,79,35.05,260,91,22.1,291.6,83,13.12,11.4,6,3.08,1
no,114,0,1,28,225.8,94,38.39,193,117,16.41,232.4,100,10.46,8.4,9,2.27,4
no,119,0,0,0,138.3,89,23.51,170.5,78,14.49,263.9,98,11.88,13.5,6,3.65,3
no,64,0,1,48,94.4,104,16.05,136.2,101,11.58,147.4,89,6.63,4.5,4,1.22,0
no,118,1,0,0,160,123,27.2,175.4,96,14.91,184.8,99,8.32,9.9,3,2.67,2
no,101,0,0,0,206.6,105,35.12,224.9,117,19.12,249.9,100,11.25,14.6,3,3.94,0
no,117,0,0,0,134.7,121,22.9,180,83,15.3,200.9,104,9.04,7.7,3,2.08,1
no,49,0,1,28,214.4,78,36.45,235.2,100,19.99,206.2,107,9.28,8,13,2.16,3
no,139,0,0,0,192.8,104,32.78,234.4,96,19.92,203.2,101,9.14,13,3,3.51,3
no,92,0,1,28,151.1,90,25.69,194.8,79,16.56,239.2,114,10.76,10,3,2.7,1
no,83,0,0,0,221.4,103,37.64,231.8,103,19.7,122.5,100,5.51,9.8,5,2.65,3
no,148,1,0,0,218.9,88,37.21,208,85,17.68,203.3,99,9.15,11.1,4,3,0
no,131,0,1,25,192.7,85,32.76,225.9,105,19.2,254.2,59,11.44,10.9,6,2.94,2
no,146,1,0,0,204.4,135,34.75,219.1,90,18.62,222.7,114,10.02,10.5,6,2.84,3
no,143,0,0,0,172.3,97,29.29,174,108,14.79,188.2,119,8.47,13,4,3.51,2
no,81,0,0,0,198.4,93,33.73,210.9,108,17.93,193.3,71,8.7,10.4,6,2.81,2
no,48,0,1,37,211.7,115,35.99,159.9,84,13.59,144.1,80,6.48,12.2,1,3.29,1
no,86,0,1,28,221.6,74,37.67,288.4,100,24.51,240.3,105,10.81,9,2,2.43,1
no,71,0,0,0,197.9,108,33.64,181.5,109,15.43,281.4,56,12.66,6.7,5,1.81,3
no,145,0,1,24,147.5,90,25.08,175.7,108,14.93,252.1,102,11.34,15.6,3,4.21,2
no,137,0,0,0,206.4,122,35.09,128,102,10.88,194.5,84,8.75,8.8,5,2.38,2
no,137,0,0,0,205.9,88,35,209.3,86,17.79,289.9,84,13.05,14.5,4,3.92,2
no,167,0,0,0,207.6,88,35.29,132.4,63,11.25,255.2,98,11.48,14.1,5,3.81,0
no,199,0,1,34,230.6,121,39.2,219.4,99,18.65,299.3,94,13.47,8,2,2.16,0
no,132,0,0,0,99.5,110,16.92,129.1,80,10.97,125.1,124,5.63,9.7,3,2.62,0
no,94,0,0,0,177.1,112,30.11,194,112,16.49,146.7,108,6.6,5.9,4,1.59,1
no,96,0,1,18,172.7,86,29.36,133.4,113,11.34,259.5,70,11.68,9.8,3,2.65,1
no,166,0,0,0,204.2,115,34.71,179.9,152,15.29,216.8,109,9.76,9.5,5,2.57,1
no,74,0,0,0,85.7,83,14.57,247.7,67,21.05,142.4,85,6.41,10.1,5,2.73,2
no,36,0,0,0,157.6,117,26.79,184.3,58,15.67,240.4,99,10.82,11.9,1,3.21,0
no,113,0,0,0,215.5,129,36.64,218.7,117,18.59,207.1,91,9.32,6.6,9,1.78,4
no,94,0,0,0,181.5,98,30.86,199.9,88,16.99,287.7,114,12.95,6.6,5,1.78,1
no,67,0,0,0,171.7,80,29.19,110.4,81,9.38,195.4,111,8.79,11.9,4,3.21,2
no,158,0,0,0,158,106,26.86,292.5,114,24.86,241.1,89,10.85,9.1,4,2.46,1
no,136,0,0,0,92,117,15.64,253.6,77,21.56,214.1,90,9.63,10.3,10,2.78,1
no,196,0,0,0,234,109,39.78,249.5,114,21.21,173.1,70,7.79,9.1,5,2.46,2
no,112,0,0,0,194.4,101,33.05,190.3,82,16.18,183.4,107,8.25,11.4,2,3.08,0
no,209,0,0,0,227.2,128,38.62,258.4,92,21.96,183.5,74,8.26,8.9,4,2.4,3
no,110,0,1,38,236.3,102,40.17,195.9,112,16.65,183.5,82,8.26,9.7,6,2.62,1
no,16,0,0,0,205.6,69,34.95,169.5,93,14.41,220.1,64,9.9,10.9,3,2.94,0
no,73,0,0,0,94.1,136,16,280.3,122,23.83,205,77,9.23,9.8,4,2.65,0
no,128,0,0,0,125.2,99,21.28,205.4,107,17.46,254.4,111,11.45,18.9,2,5.1,0
no,39,0,0,0,60.4,158,10.27,306.2,120,26.03,123.9,46,5.58,12.4,3,3.35,1
no,103,0,1,28,121,105,20.57,270.4,100,22.98,160.5,76,7.22,7.7,4,2.08,2
no,119,0,1,29,117.8,66,20.03,256.8,114,21.83,147.6,76,6.64,7.6,3,2.05,3
no,173,0,1,21,232.4,96,39.51,211.9,118,18.01,273,102,12.29,5,5,1.35,3
no,86,0,0,0,176.3,79,29.97,259.2,97,22.03,287.4,78,12.93,6.2,3,1.67,0
no,114,0,1,32,125.2,79,21.28,177.8,105,15.11,232.4,89,10.46,12.9,3,3.48,1
no,104,0,0,0,138.7,107,23.58,256.9,113,21.84,234.9,74,10.57,10,3,2.7,0
no,148,0,0,0,86.3,134,14.67,246.6,92,20.96,251.6,91,11.32,11.3,4,3.05,1
no,129,0,0,0,207,91,35.19,154.9,121,13.17,245.1,112,11.03,13.4,5,3.62,3
no,100,0,1,30,58.8,104,10,219.5,107,18.66,152.3,118,6.85,7.1,3,1.92,0
no,121,0,1,35,68.7,95,11.68,209.2,69,17.78,197.4,42,8.88,11.4,4,3.08,1
no,143,0,1,33,239.2,109,40.66,235.5,112,20.02,156.3,95,7.03,9.5,4,2.57,1
no,76,0,0,0,198.3,130,33.71,217.1,86,18.45,188.4,96,8.48,12.5,3,3.38,0
no,158,0,0,0,205.2,97,34.88,240.6,77,20.45,79.7,108,3.59,14.4,12,3.89,0
no,116,0,0,0,192.1,98,32.66,312.9,135,26.6,130.2,94,5.86,7.9,2,2.13,3
no,108,0,0,0,169.6,99,28.83,264.1,87,22.45,206.3,78,9.28,9.3,4,2.51,0
no,66,0,0,0,201.3,95,34.22,152.8,66,12.99,233.2,101,10.49,7.5,4,2.03,1
no,151,0,1,17,214.7,97,36.5,138.5,90,11.77,169.1,44,7.61,8.6,4,2.32,1
no,99,0,0,0,169.2,70,28.76,271.5,77,23.08,170.2,104,7.66,10.6,2,2.86,0
no,55,0,0,0,194.1,121,33,176.6,110,15.01,302.8,136,13.63,7,7,1.89,2
no,77,0,0,0,233.8,104,39.75,266.5,94,22.65,212.7,104,9.57,7.6,3,2.05,2
no,78,0,0,0,225.1,67,38.27,199.2,127,16.93,175.5,102,7.9,14.6,2,3.94,0
no,101,0,0,0,183.9,115,31.26,255.9,101,21.75,275,145,12.38,10.8,11,2.92,1
no,44,0,1,34,221.8,105,37.71,161.7,85,13.74,227.7,62,10.25,14,7,3.78,0
no,98,0,1,21,64.6,98,10.98,176.1,86,14.97,244.8,84,11.02,0,0,0,2
no,64,0,1,37,154.6,92,26.28,83.4,103,7.09,165.9,99,7.47,13.3,3,3.59,1
no,141,0,0,0,260.2,131,44.23,179.2,120,15.23,135,119,6.08,7.2,8,1.94,3
no,81,0,1,33,161.6,117,27.47,123,90,10.46,261.3,101,11.76,12.2,5,3.29,1
no,162,0,0,0,220.6,117,37.5,155.2,121,13.19,186.7,89,8.4,10.5,11,2.84,1
no,83,0,1,41,155.9,122,26.5,162.3,107,13.8,127.6,105,5.74,13.1,5,3.54,3
no,59,0,0,0,182.5,104,31.03,204.7,95,17.4,229.9,100,10.35,11.3,8,3.05,4
no,179,1,1,38,220.1,78,37.42,234.3,71,19.92,237.3,85,10.68,10.1,4,2.73,4
no,79,0,0,0,152.2,112,25.87,177.2,132,15.06,96.4,87,4.34,5.3,3,1.43,1
no,117,0,0,0,181.5,95,30.86,205.1,88,17.43,204,82,9.18,14.7,9,3.97,2
no,31,0,0,0,166.1,105,28.24,79.3,93,6.74,213.7,98,9.62,12.7,2,3.43,1
no,124,1,0,0,244.6,89,41.58,188.8,80,16.05,206,114,9.27,11.3,4,3.05,1
no,122,0,1,23,134.2,85,22.81,227.3,132,19.32,122.4,96,5.51,8.5,2,2.3,2
no,37,1,1,39,149.7,122,25.45,211.1,75,17.94,114.3,90,5.14,9.2,4,2.48,1
no,90,0,1,29,150.1,109,25.52,264.7,103,22.5,178.4,97,8.03,5.8,4,1.57,1
no,148,0,0,0,124.4,83,21.15,179.7,81,15.27,253,99,11.39,11.3,6,3.05,0
no,39,0,1,36,141.7,121,24.09,232.3,113,19.75,222.1,131,9.99,12,5,3.24,1
no,77,0,0,0,230,87,39.1,103.2,138,8.77,309.6,136,13.93,11.3,3,3.05,2
no,194,0,0,0,162.3,88,27.59,213.7,118,18.16,192.1,81,8.64,10.9,2,2.94,0
no,112,0,0,0,193.3,96,32.86,264.1,123,22.45,128.6,115,5.79,9.1,3,2.46,4
no,45,0,0,0,78.2,127,13.29,253.4,108,21.54,255,100,11.48,18,3,4.86,1
no,132,0,0,0,83.4,110,14.18,232.2,137,19.74,146.7,114,6.6,7.6,5,2.05,1
no,128,0,0,0,195.6,99,33.25,267.8,120,22.76,164.9,76,7.42,16,2,4.32,0
no,135,0,0,0,201.8,81,34.31,225,114,19.13,204.4,82,9.2,10.3,6,2.78,1
no,56,0,0,0,197,110,33.49,222.8,102,18.94,225.3,91,10.14,10.6,6,2.86,2
no,32,0,0,0,164.8,98,28.02,229.9,96,19.54,167.3,108,7.53,14.8,2,4,2
no,90,0,0,0,179.2,77,30.46,210.7,99,17.91,276.9,58,12.46,9.2,6,2.48,2
no,87,0,1,21,214,113,36.38,180,114,15.3,134.5,82,6.05,10.6,5,2.86,0
no,138,0,0,0,170.5,87,28.99,118.2,116,10.05,187.9,111,8.46,11.2,7,3.02,2
no,79,0,0,0,205.7,123,34.97,214.5,108,18.23,226.1,106,10.17,6.7,18,1.81,1
no,127,0,0,0,221,100,37.57,160.7,113,13.66,233.1,96,10.49,6.8,4,1.84,2
no,137,0,0,0,242.1,118,41.16,191,93,16.24,218.6,50,9.84,14.7,2,3.97,3
no,97,0,0,0,151.6,107,25.77,155.4,96,13.21,240,112,10.8,14.7,4,3.97,1
no,149,1,0,0,176.2,87,29.95,145,81,12.33,249.5,92,11.23,5.7,4,1.54,0
no,117,1,1,22,196,82,33.32,322.7,82,27.43,225.6,120,10.15,3.7,5,1,1
no,84,0,0,0,159.5,125,27.12,247.1,90,21,187.9,82,8.46,7.2,4,1.94,2
no,137,0,0,0,230.2,113,39.13,220.4,79,18.73,204.7,111,9.21,10.7,7,2.89,4
no,99,0,0,0,146.7,64,24.94,274,99,23.29,321.3,98,14.46,8.9,1,2.4,3
no,54,0,0,0,210.5,102,35.79,204.5,83,17.38,127.8,53,5.75,8.5,5,2.3,1
no,85,0,0,0,102,95,17.34,270.2,139,22.97,148.2,105,6.67,10.7,3,2.89,1
no,150,0,0,0,126,99,21.42,238.5,73,20.27,285.1,100,12.83,10.2,6,2.75,3
no,43,0,0,0,168.4,125,28.63,243.8,89,20.72,214.7,102,9.66,11.1,2,3,1
no,35,0,0,0,105.6,129,17.95,258.2,129,21.95,213.1,77,9.59,8.7,3,2.35,0
no,98,0,0,0,206.5,92,35.11,176.2,152,14.98,232.8,115,10.48,12.4,5,3.35,5
no,112,0,0,0,217.1,76,36.91,205.2,100,17.44,185.7,91,8.36,9.4,3,2.54,2
no,98,0,1,22,278.3,89,47.31,93.4,143,7.94,107.6,42,4.84,9.7,5,2.62,0
no,84,0,0,0,138.6,102,23.56,199,93,16.92,204.1,137,9.18,7.8,4,2.11,0
no,84,0,0,0,181.5,129,30.86,130.7,112,11.11,186.5,118,8.39,8.5,4,2.3,1
no,98,0,1,31,121,105,20.57,218.9,98,18.61,226.7,110,10.2,12,1,3.24,1
no,74,0,0,0,221.1,124,37.59,110.8,94,9.42,240.1,112,10.8,10.6,3,2.86,0
no,96,0,1,26,145.8,108,24.79,192.2,89,16.34,165.1,96,7.43,9.9,2,2.67,1
no,119,0,0,0,222.8,122,37.88,163.2,107,13.87,160.6,112,7.23,11.2,6,3.02,1
no,73,0,0,0,183.4,80,31.18,242,115,20.57,201.4,100,9.06,7.5,3,2.03,4
no,92,1,0,0,264.3,91,44.93,160.9,115,13.68,198.6,73,8.94,9.3,5,2.51,0
no,21,0,0,0,146,78,24.82,109.7,79,9.32,247.4,108,11.13,6.8,7,1.84,0
no,133,1,0,0,127.3,108,21.64,251.3,81,21.36,135,88,6.08,10.3,3,2.78,1
no,145,0,0,0,187.9,110,31.94,197,117,16.75,167,108,7.52,4.8,4,1.3,2
no,25,0,0,0,178.8,90,30.4,141.2,72,12,203,99,9.14,8.4,5,2.27,2
no,64,0,0,0,97.2,80,16.52,186.2,90,15.83,189,92,8.5,10.4,6,2.81,2
no,85,0,0,0,259.8,85,44.17,242.3,117,20.6,168.8,72,7.6,5.4,1,1.46,0
no,126,0,0,0,256.5,112,43.61,199.5,90,16.96,188.3,122,8.47,7,5,1.89,3
no,76,0,0,0,169.5,77,28.82,124,87,10.54,219.4,92,9.87,10,3,2.7,0
no,117,0,0,0,239.9,84,40.78,174.8,106,14.86,209.5,93,9.43,9.8,2,2.65,0
no,128,0,1,34,142.3,73,24.19,194.8,79,16.56,239.3,81,10.77,16,6,4.32,1
no,115,0,0,0,184.1,98,31.3,327,73,27.8,212.5,106,9.56,7.5,6,2.03,2
no,141,0,1,28,206.9,126,35.17,264.4,126,22.47,171.8,124,7.73,9.3,11,2.51,2
no,51,0,0,0,259.9,114,44.18,176.2,94,14.98,77.2,112,3.47,15.3,1,4.13,1
no,100,0,0,0,203.8,122,34.65,283.1,76,24.06,197.3,83,8.88,12.5,3,3.38,0
no,96,0,1,45,248.8,124,42.3,140.3,77,11.93,263.6,102,11.86,10.3,2,2.78,3
no,112,0,1,16,221.6,110,37.67,130.2,123,11.07,200,108,9,11.3,3,3.05,1
no,129,1,0,0,192.9,131,32.79,185.5,101,15.77,205.2,130,9.23,10.9,4,2.94,1
no,163,0,0,0,122.4,129,20.81,113.4,108,9.64,180.2,97,8.11,12.5,7,3.38,1
no,67,0,1,40,104.9,65,17.83,216.3,93,18.39,217.4,128,9.78,9.6,9,2.59,1
no,140,0,0,0,173.2,91,29.44,196.8,106,16.73,209.3,128,9.42,11.2,5,3.02,3
no,49,0,0,0,119.4,69,20.3,273.3,92,23.23,214.4,153,9.65,12.4,7,3.35,2
no,148,0,0,0,178.3,98,30.31,282.6,110,24.02,181,98,8.15,11.4,4,3.08,1
no,112,0,0,0,243.4,77,41.38,182.1,97,15.48,259.2,94,11.66,12.8,2,3.46,1
no,78,0,0,0,155,106,26.35,175.3,101,14.9,155.6,125,7,11.8,5,3.19,2
no,61,0,1,31,288.7,101,49.08,203.8,102,17.32,203.2,49,9.14,8.6,3,2.32,0
no,58,0,1,29,240.4,80,40.87,118.9,91,10.11,164.2,108,7.39,11.2,3,3.02,1
no,155,0,0,0,190.3,123,32.35,301.3,96,25.61,214.6,134,9.66,8,3,2.16,1
no,113,0,0,0,155,93,26.35,330.6,106,28.1,189.4,123,8.52,13.5,3,3.65,1
no,81,0,0,0,153.5,99,26.1,197.6,102,16.8,198.5,86,8.93,6.3,2,1.7,2
no,135,0,1,27,273.4,141,46.48,154,99,13.09,245.8,112,11.06,12.3,6,3.32,1
no,99,0,0,0,155.3,93,26.4,265.7,95,22.58,145.7,67,6.56,12.4,4,3.35,0
no,59,0,1,29,133.1,114,22.63,221.2,82,18.8,131.6,103,5.92,6.8,3,1.84,1
no,135,0,0,0,246.8,129,41.96,187.8,121,15.96,154.5,109,6.95,12.6,5,3.4,1
no,85,1,0,0,165.4,107,28.12,196,126,16.66,349.2,110,15.71,9.6,7,2.59,2
no,70,0,0,0,59.5,103,10.12,257.2,106,21.86,208.3,86,9.37,11.1,6,3,0
no,88,0,0,0,138.3,116,23.51,236,138,20.06,179.1,110,8.06,9.6,4,2.59,3
no,55,0,0,0,286.7,100,48.74,134.4,121,11.42,192.9,122,8.68,6.9,5,1.86,2
no,75,0,0,0,117.3,114,19.94,201.1,61,17.09,107.9,82,4.86,12.2,3,3.29,1
no,79,0,1,21,264.3,79,44.93,202.8,118,17.24,173.4,92,7.8,6.3,3,1.7,4
no,85,0,0,0,127.9,107,21.74,271.2,124,23.05,202.2,76,9.1,12.5,5,3.38,0
no,86,0,1,23,225.5,107,38.34,246.3,105,20.94,245.7,81,11.06,9.8,2,2.65,0
no,91,0,0,0,149,115,25.33,245.3,105,20.85,260,94,11.7,8.3,3,2.24,0
no,149,0,1,20,198.9,77,33.81,274,88,23.29,190.7,76,8.58,14.3,9,3.86,1
no,60,0,0,0,98.2,88,16.69,180.5,69,15.34,223.6,69,10.06,9.3,2,2.51,2
no,54,0,0,0,159.8,99,27.17,264,64,22.44,115.7,70,5.21,9.7,7,2.62,2
no,11,0,1,28,190.6,86,32.4,220.1,122,18.71,180.3,80,8.11,6,3,1.62,3
no,109,0,0,0,184,120,31.28,120.4,119,10.23,153.7,86,6.92,11,3,2.97,0
no,90,0,0,0,261.8,128,44.51,220.6,104,18.75,136.6,91,6.15,9.6,5,2.59,1
no,115,0,0,0,147.9,109,25.14,228.4,117,19.41,299.7,90,13.49,9.6,9,2.59,3
no,144,0,1,18,106.4,109,18.09,108.1,113,9.19,208.4,111,9.38,10.1,5,2.73,1
no,91,0,0,0,133.7,75,22.73,195.3,87,16.6,280.5,89,12.62,5.9,2,1.59,0
no,105,0,1,23,193.5,85,32.9,220.2,90,18.72,272.4,111,12.26,8.5,5,2.3,0
no,112,0,0,0,170.4,103,28.97,200.2,71,17.02,258.3,100,11.62,11.6,4,3.13,1
no,86,0,1,32,70.9,163,12.05,166.7,121,14.17,244.9,105,11.02,11.1,5,3,3
no,41,0,1,34,194.4,63,33.05,254.9,110,21.67,160.2,115,7.21,17.2,9,4.64,2
no,44,0,0,0,240.3,146,40.85,164.6,83,13.99,240.7,106,10.83,10.6,2,2.86,1
no,78,0,0,0,75,116,12.75,248.7,87,21.14,176,83,7.92,9.5,6,2.57,3
no,149,0,0,0,69.1,117,11.75,136.3,100,11.59,181.7,53,8.18,6.3,3,1.7,1
no,139,0,1,20,214.6,101,36.48,235.1,132,19.98,162.8,132,7.33,14.8,12,4,0
no,74,0,0,0,148.5,111,25.25,146.5,42,12.45,289.2,83,13.01,9.9,6,2.67,3
no,50,0,0,0,258.1,106,43.88,161.4,106,13.72,225.1,110,10.13,11.7,5,3.16,1
no,141,0,1,23,149.7,112,25.45,162.5,118,13.81,220.3,115,9.91,7.6,2,2.05,3
no,140,0,0,0,149.8,134,25.47,164.4,98,13.97,294.7,124,13.26,8.1,2,2.19,1
no,99,0,0,0,190.4,102,32.37,158.1,107,13.44,271.5,92,12.22,11.2,4,3.02,2
no,166,0,0,0,181.4,108,30.84,253.8,54,21.57,112.3,94,5.05,11.6,6,3.13,1
no,124,0,0,0,151.1,123,25.69,187.4,104,15.93,255.4,93,11.49,5.3,3,1.43,1
no,74,0,0,0,155.7,116,26.47,173.7,63,14.76,257.4,97,11.58,8.1,4,2.19,0
no,117,0,0,0,149.9,95,25.48,256.1,110,21.77,212.7,92,9.57,13.3,13,3.59,2
no,85,0,0,0,222.3,132,37.79,231.5,101,19.68,223.5,75,10.06,11,2,2.97,3
no,36,0,1,16,149.4,111,25.4,131.8,113,11.2,132.7,87,5.97,6.7,2,1.81,0
no,102,1,0,0,233.8,103,39.75,221.6,131,18.84,146.9,106,6.61,12.8,3,3.46,0
no,76,0,0,0,204.2,100,34.71,292.6,139,24.87,244.3,105,10.99,10.5,2,2.84,0
no,165,0,0,0,242.9,126,41.29,209.8,65,17.83,228.4,126,10.28,0,0,0,1
no,130,0,0,0,150.4,119,25.57,230.5,99,19.59,186.3,76,8.38,12.3,4,3.32,1
no,78,0,0,0,208.9,119,35.51,252.4,132,21.45,280.2,120,12.61,12.8,7,3.46,0
no,129,0,1,33,119.6,104,20.33,278.7,88,23.69,263.4,175,11.85,5.9,2,1.59,2
no,18,0,0,0,273.6,93,46.51,114.6,116,9.74,250.6,120,11.28,8.2,4,2.21,1
no,161,1,0,0,156.1,114,26.54,180.3,63,15.33,179.6,115,8.08,11.1,9,3,2
no,93,0,1,36,178.7,134,30.38,178.6,102,15.18,126.8,82,5.71,8,4,2.16,2
no,144,0,0,0,177.5,93,30.18,287.4,75,24.43,180.5,118,8.12,11.9,3,3.21,2
no,95,0,0,0,175.2,91,29.78,244.4,109,20.77,75.8,95,3.41,7.5,2,2.03,1
no,126,0,1,23,114.3,102,19.43,190.3,103,16.18,240.4,111,10.82,12.6,7,3.4,3
no,124,0,1,28,251.4,104,42.74,225.1,89,19.13,251.9,121,11.34,7.5,5,2.03,1
no,109,1,1,26,217.2,138,36.92,145.5,111,12.37,280.7,76,12.63,9.3,3,2.51,0
no,80,0,0,0,206.3,97,35.07,154.9,98,13.17,263.6,82,11.86,12.4,12,3.35,0
no,41,0,0,0,159.3,66,27.08,125.9,75,10.7,261.9,76,11.79,11.1,5,3,1
no,136,0,1,31,143.1,88,24.33,236.6,65,20.11,227.8,120,10.25,11.4,5,3.08,2
no,143,0,1,24,186.6,69,31.72,222,116,18.87,234.9,138,10.57,11.6,5,3.13,1
no,193,0,1,17,124,102,21.08,202.9,81,17.25,205.1,129,9.23,12.3,3,3.32,1
no,73,0,0,0,198.3,94,33.71,279.3,101,23.74,146.2,87,6.58,14.8,8,4,3
no,62,0,0,0,172.8,101,29.38,204.8,97,17.41,240.8,90,10.84,9.1,8,2.46,2
no,30,0,1,30,217.4,74,36.96,213.8,86,18.17,227.2,104,10.22,6.6,3,1.78,0
no,148,0,1,14,93.6,137,15.91,193.8,72,16.47,144.9,84,6.52,17.5,5,4.73,1
no,96,0,0,0,98.2,100,16.69,307.2,88,26.11,182.5,120,8.21,7.6,1,2.05,2
no,52,0,0,0,214.7,68,36.5,158.6,138,13.48,123.4,114,5.55,9.4,4,2.54,2
no,87,0,0,0,168.2,92,28.59,224.7,100,19.1,169.5,99,7.63,12.9,3,3.48,1
no,41,0,0,0,202.9,97,34.49,153.8,104,13.07,113.5,92,5.11,9,3,2.43,3
no,112,0,0,0,261.4,108,44.44,154.5,102,13.13,130.9,90,5.89,11.6,2,3.13,1
no,122,0,1,27,253.7,84,43.13,229.2,109,19.48,190.5,123,8.57,9.2,5,2.48,7
no,61,0,0,0,45,108,7.65,151.3,74,12.86,152.9,94,6.88,9.8,6,2.65,2
no,87,0,0,0,231.3,105,39.32,171.7,108,14.59,67.7,136,3.05,13,6,3.51,1
no,176,0,0,0,47.4,125,8.06,167.8,90,14.26,163.1,107,7.34,10.5,8,2.84,2
no,30,0,0,0,227.4,88,38.66,182.5,100,15.51,191.7,134,8.63,12.5,3,3.38,0
no,95,0,1,22,40.9,126,6.95,133.4,90,11.34,264.2,91,11.89,11.9,7,3.21,0
no,46,0,0,0,124.8,133,21.22,157.3,143,13.37,199.3,72,8.97,8.6,4,2.32,2
no,100,1,0,0,68.5,110,11.65,337.1,115,28.65,205.2,99,9.23,12.1,9,3.27,0
no,47,0,1,37,163.5,77,27.8,203.1,102,17.26,232,87,10.44,7.8,4,2.11,2
no,77,0,0,0,163,112,27.71,219.1,89,18.62,233.4,66,10.5,6.7,3,1.81,2
no,98,0,1,38,213.7,61,36.33,253,104,21.51,207.7,73,9.35,10.7,5,2.89,2
no,125,0,1,36,201.3,117,34.22,42.2,78,3.59,125.7,104,5.66,5.4,3,1.46,1
no,67,0,0,0,310.4,97,52.77,66.5,123,5.65,246.5,99,11.09,9.2,10,2.48,4
no,194,0,0,0,48.4,101,8.23,281.1,138,23.89,218.5,87,9.83,18.2,1,4.91,1
no,128,0,1,40,171.2,88,29.1,145.7,109,12.38,196.8,93,8.86,14,6,3.78,1
no,190,0,1,22,166.5,93,28.31,183,92,15.56,121,102,5.44,8.5,3,2.3,0
no,165,0,0,0,216.6,126,36.82,190.8,104,16.22,224.7,123,10.11,12.4,8,3.35,0
no,59,0,0,0,107.8,113,18.33,216.6,125,18.41,217.5,92,9.79,9.9,3,2.67,2
no,47,0,1,28,141.3,94,24.02,168,108,14.28,113.5,84,5.11,7.8,2,2.11,1
no,150,0,1,29,209.9,77,35.68,158,52,13.43,141.9,113,6.39,6.6,1,1.78,0
no,26,0,0,0,234.5,109,39.87,216.5,129,18.4,191.6,94,8.62,3.5,6,0.95,3
no,79,0,1,31,103.1,90,17.53,243,135,20.66,76.4,92,3.44,12.2,8,3.29,3
no,95,0,1,27,129.5,106,22.02,248.9,90,21.16,268,115,12.06,11.9,3,3.21,1
no,31,0,1,31,100.1,54,17.02,246.3,97,20.94,255,131,11.48,5.9,3,1.59,0
no,121,0,1,31,237.1,63,40.31,205.6,117,17.48,196.7,85,8.85,10.1,5,2.73,4
no,157,0,0,0,224.5,111,38.17,200.7,99,17.06,116.6,118,5.25,11.5,2,3.11,2
no,61,1,0,0,78.2,103,13.29,195.9,149,16.65,108,100,4.86,10.1,6,2.73,2
no,65,0,0,0,148.7,80,25.28,259,94,22.02,149.5,107,6.73,12.7,6,3.43,2
no,74,0,1,25,194.6,84,33.08,119.9,103,10.19,175.5,75,7.9,13.1,2,3.54,2
no,123,0,0,0,159.5,77,27.12,303.8,92,25.82,226.9,120,10.21,12,4,3.24,0
no,58,0,1,20,194.5,110,33.07,213.7,89,18.16,236.6,92,10.65,9.5,2,2.57,1
no,125,0,0,0,131.8,97,22.41,136.7,100,11.62,308.2,119,13.87,7.7,6,2.08,2
no,80,0,0,0,160.6,103,27.3,237,109,20.15,245.1,88,11.03,10.7,1,2.89,1
no,53,0,1,18,146.8,107,24.96,310,84,26.35,178.7,130,8.04,7.2,7,1.94,0
no,99,0,1,28,200.7,88,34.12,264.2,116,22.46,172.7,102,7.77,9.1,5,2.46,1
no,99,0,0,0,145.6,106,24.75,98.3,106,8.36,230.8,83,10.39,10.9,5,2.94,1
no,66,0,1,29,229.4,104,39,257.4,84,21.88,231.5,119,10.42,8,1,2.16,2
no,97,0,0,0,211,76,35.87,189,100,16.07,123,102,5.54,4.7,4,1.27,3
no,75,0,1,37,121.5,97,20.66,271.4,110,23.07,248.7,97,11.19,11.3,5,3.05,2
no,85,1,0,0,216,73,36.72,188.2,117,16,147.1,98,6.62,3.6,7,0.97,2
no,108,0,0,0,293,88,49.81,160.6,101,13.65,143.9,87,6.48,10,6,2.7,2
no,51,0,0,0,181.5,108,30.86,196.9,87,16.74,187.2,119,8.42,10.3,2,2.78,1
no,186,0,1,26,74.3,107,12.63,177.3,116,15.07,296.3,90,13.33,14.5,3,3.92,2
no,44,1,0,0,62.3,92,10.59,275,82,23.38,138.7,108,6.24,10.8,3,2.92,1
no,64,0,1,31,228.6,88,38.86,248.5,109,21.12,167.1,124,7.52,9,1,2.43,3
no,114,0,1,36,309.9,90,52.68,200.3,89,17.03,183.5,105,8.26,14.2,2,3.83,1
no,92,0,0,0,201.9,74,34.32,226.8,119,19.28,217.5,80,9.79,13.7,6,3.7,3
no,110,0,0,0,149.8,112,25.47,180,93,15.3,140,119,6.3,11.7,4,3.16,2
no,90,0,1,30,183.8,76,31.25,229.7,95,19.52,144.1,124,6.48,7.7,3,2.08,1
no,72,0,1,21,186.7,108,31.74,335,86,28.48,187.2,119,8.42,16.5,4,4.46,1
no,171,0,1,25,223.2,77,37.94,183.2,118,15.57,150.8,90,6.79,10.2,3,2.75,3
no,104,0,0,0,164.2,109,27.91,155.4,90,13.21,168.9,117,7.6,10.7,8,2.89,1
no,165,0,0,0,150.5,75,25.59,193.1,93,16.41,311.6,93,14.02,10.3,2,2.78,1
no,110,0,0,0,55.3,102,9.4,164.7,124,14,200.7,108,9.03,10.2,5,2.75,1
no,90,1,0,0,221.8,97,37.71,203.8,134,17.32,215.8,154,9.71,8.4,4,2.27,1
no,114,0,0,0,169.6,85,28.83,58.9,86,5.01,179.3,124,8.07,7.4,8,2,1
no,117,0,1,14,80.2,81,13.63,219,103,18.62,122.6,102,5.52,8.6,2,2.32,1
no,109,0,0,0,218.9,105,37.21,299.9,87,25.49,158.6,110,7.14,11.3,4,3.05,2
no,82,0,0,0,125.7,96,21.37,207.6,137,17.65,183.1,103,8.24,12.9,2,3.48,1
no,92,0,0,0,176.3,85,29.97,93.4,125,7.94,207.2,107,9.32,9.6,1,2.59,2
no,82,0,1,29,207.2,111,35.22,254.1,137,21.6,169.3,92,7.62,9.5,5,2.57,2
no,90,0,0,0,205.7,138,34.97,161.9,83,13.76,269.7,104,12.14,12.5,6,3.38,2
no,87,0,1,28,151.4,95,25.74,152.4,97,12.95,250.1,109,11.25,0,0,0,1
no,124,0,0,0,157.5,70,26.78,130.7,79,11.11,193.4,98,8.7,9.6,4,2.59,3
no,39,0,0,0,160.4,68,27.27,102.6,103,8.72,235.3,106,10.59,9.1,5,2.46,2
no,84,0,0,0,159,80,27.03,167.9,128,14.27,167.6,101,7.54,12.3,5,3.32,1
no,75,0,1,46,214.1,62,36.4,200.9,111,17.08,246.8,126,11.11,9.2,6,2.48,0
